{
"type": "FeatureCollection",
"name": "karur_demand_indicators",
"crs": { "type": "name", "properties": { "name": "urn:ogc:def:crs:OGC:1.3:CRS84" } },
"features": [
{ "type": "Feature", "properties": { "element": "node", "id": 367556529, "shop": null, "addr:district": null, "addr:full": null, "addr:postcode": null, "addr:state": null, "addr:subdistrict": null, "amenity": null, "name": "Pugalur", "source": null, "addr:block": null, "healthcare": null, "bus": null, "highway": null, "name:en": null, "public_transport": "station", "addr:street": null, "contact:instagram": null, "email": null, "internet_access": "no", "opening_hours": null, "phone": null, "name:ta": null, "network": "IR", "operator": "SR", "railway": "station", "ref": "PGR", "wikidata": "Q63356841", "brand": null, "branch": null, "addr:city": null, "government": null, "office": null, "website": null, "train": null, "addr:housenumber": null, "contact:mobile": null, "payment:cash": null, "payment:credit_cards": null, "payment:debit_cards": null, "check_date": null, "education": null, "grades": null, "alt_name": null, "name:ml": null, "platforms": null, "wikipedia": null, "building": null, "designation": null, "local_ref": null, "atm": null, "brand:wikidata": null, "brand:wikipedia": null, "operator:wikidata": null, "short_name": null, "brand:en": null, "currency:INR": null, "drive_through": null, "indoor": null, "note": null, "operator:en": null, "operator:wikipedia": null, "fixme": null, "cuisine": null, "diet:vegetarian": null, "smoking": null, "cash_in": null, "currency:Rs": null, "bench": null, "lit": null, "shelter": null, "payment:google_pay": null, "area": null, "layer": null, "check_date:opening_hours": null, "level": null, "bin": null }, "geometry": { "type": "Point", "coordinates": [ 77.9916143, 11.0514132 ] } },
{ "type": "Feature", "properties": { "element": "node", "id": 367556637, "shop": null, "addr:district": null, "addr:full": null, "addr:postcode": null, "addr:state": null, "addr:subdistrict": null, "amenity": null, "name": "Karur Junction", "source": null, "addr:block": null, "healthcare": null, "bus": null, "highway": null, "name:en": null, "public_transport": "station", "addr:street": null, "contact:instagram": null, "email": null, "internet_access": "wlan", "opening_hours": null, "phone": null, "name:ta": "கரூர் சந்திப்பு", "network": "IR", "operator": "SR", "railway": "station", "ref": "KRR", "wikidata": "Q18126624", "brand": null, "branch": null, "addr:city": null, "government": null, "office": null, "website": null, "train": null, "addr:housenumber": null, "contact:mobile": null, "payment:cash": null, "payment:credit_cards": null, "payment:debit_cards": null, "check_date": null, "education": null, "grades": null, "alt_name": "Karur Junction", "name:ml": "കരൂർ ജംഗ്ഷൻ", "platforms": "5", "wikipedia": "en:Karur Junction railway station", "building": null, "designation": null, "local_ref": null, "atm": null, "brand:wikidata": null, "brand:wikipedia": null, "operator:wikidata": null, "short_name": null, "brand:en": null, "currency:INR": null, "drive_through": null, "indoor": null, "note": null, "operator:en": null, "operator:wikipedia": null, "fixme": null, "cuisine": null, "diet:vegetarian": null, "smoking": null, "cash_in": null, "currency:Rs": null, "bench": null, "lit": null, "shelter": null, "payment:google_pay": null, "area": null, "layer": null, "check_date:opening_hours": null, "level": null, "bin": null }, "geometry": { "type": "Point", "coordinates": [ 78.0849562, 10.9658076 ] } },
{ "type": "Feature", "properties": { "element": "node", "id": 818613425, "shop": null, "addr:district": null, "addr:full": null, "addr:postcode": null, "addr:state": null, "addr:subdistrict": null, "amenity": null, "name": "sellivalasu junction", "source": null, "addr:block": null, "healthcare": null, "bus": "yes", "highway": "bus_stop", "name:en": null, "public_transport": "platform", "addr:street": null, "contact:instagram": null, "email": null, "internet_access": null, "opening_hours": null, "phone": null, "name:ta": null, "network": null, "operator": null, "railway": null, "ref": null, "wikidata": null, "brand": null, "branch": null, "addr:city": null, "government": null, "office": null, "website": null, "train": null, "addr:housenumber": null, "contact:mobile": null, "payment:cash": null, "payment:credit_cards": null, "payment:debit_cards": null, "check_date": null, "education": null, "grades": null, "alt_name": null, "name:ml": null, "platforms": null, "wikipedia": null, "building": null, "designation": null, "local_ref": null, "atm": null, "brand:wikidata": null, "brand:wikipedia": null, "operator:wikidata": null, "short_name": null, "brand:en": null, "currency:INR": null, "drive_through": null, "indoor": null, "note": null, "operator:en": null, "operator:wikipedia": null, "fixme": null, "cuisine": null, "diet:vegetarian": null, "smoking": null, "cash_in": null, "currency:Rs": null, "bench": null, "lit": null, "shelter": null, "payment:google_pay": null, "area": null, "layer": null, "check_date:opening_hours": null, "level": null, "bin": null }, "geometry": { "type": "Point", "coordinates": [ 77.8576204, 10.6814446 ] } },
{ "type": "Feature", "properties": { "element": "node", "id": 1925243313, "shop": null, "addr:district": null, "addr:full": null, "addr:postcode": null, "addr:state": null, "addr:subdistrict": null, "amenity": "bus_station", "name": "Karur Mini Bus Station", "source": null, "addr:block": null, "healthcare": null, "bus": "yes", "highway": null, "name:en": null, "public_transport": "station", "addr:street": null, "contact:instagram": null, "email": null, "internet_access": null, "opening_hours": null, "phone": null, "name:ta": null, "network": null, "operator": null, "railway": null, "ref": null, "wikidata": null, "brand": null, "branch": null, "addr:city": null, "government": null, "office": null, "website": null, "train": null, "addr:housenumber": null, "contact:mobile": null, "payment:cash": null, "payment:credit_cards": null, "payment:debit_cards": null, "check_date": null, "education": null, "grades": null, "alt_name": null, "name:ml": null, "platforms": null, "wikipedia": null, "building": "roof", "designation": null, "local_ref": null, "atm": null, "brand:wikidata": null, "brand:wikipedia": null, "operator:wikidata": null, "short_name": null, "brand:en": null, "currency:INR": null, "drive_through": null, "indoor": null, "note": null, "operator:en": null, "operator:wikipedia": null, "fixme": null, "cuisine": null, "diet:vegetarian": null, "smoking": null, "cash_in": null, "currency:Rs": null, "bench": null, "lit": null, "shelter": null, "payment:google_pay": null, "area": null, "layer": null, "check_date:opening_hours": null, "level": null, "bin": null }, "geometry": { "type": "Point", "coordinates": [ 78.0756548, 10.961245 ] } },
{ "type": "Feature", "properties": { "element": "node", "id": 1930179049, "shop": null, "addr:district": null, "addr:full": null, "addr:postcode": null, "addr:state": null, "addr:subdistrict": null, "amenity": "school", "name": "St.Therasa Higher Secondary School", "source": null, "addr:block": null, "healthcare": null, "bus": null, "highway": null, "name:en": null, "public_transport": null, "addr:street": "Ramakrishnapuram", "contact:instagram": null, "email": null, "internet_access": null, "opening_hours": null, "phone": null, "name:ta": null, "network": null, "operator": null, "railway": null, "ref": null, "wikidata": null, "brand": null, "branch": null, "addr:city": null, "government": null, "office": null, "website": null, "train": null, "addr:housenumber": null, "contact:mobile": null, "payment:cash": null, "payment:credit_cards": null, "payment:debit_cards": null, "check_date": null, "education": null, "grades": null, "alt_name": null, "name:ml": null, "platforms": null, "wikipedia": null, "building": null, "designation": null, "local_ref": null, "atm": null, "brand:wikidata": null, "brand:wikipedia": null, "operator:wikidata": null, "short_name": null, "brand:en": null, "currency:INR": null, "drive_through": null, "indoor": null, "note": null, "operator:en": null, "operator:wikipedia": null, "fixme": null, "cuisine": null, "diet:vegetarian": null, "smoking": null, "cash_in": null, "currency:Rs": null, "bench": null, "lit": null, "shelter": null, "payment:google_pay": null, "area": null, "layer": null, "check_date:opening_hours": null, "level": null, "bin": null }, "geometry": { "type": "Point", "coordinates": [ 78.0781597, 10.9638545 ] } },
{ "type": "Feature", "properties": { "element": "node", "id": 1930180300, "shop": null, "addr:district": null, "addr:full": null, "addr:postcode": null, "addr:state": null, "addr:subdistrict": null, "amenity": null, "name": "Church Corner", "source": null, "addr:block": null, "healthcare": null, "bus": "yes", "highway": "bus_stop", "name:en": null, "public_transport": "platform", "addr:street": null, "contact:instagram": null, "email": null, "internet_access": null, "opening_hours": null, "phone": null, "name:ta": null, "network": null, "operator": null, "railway": null, "ref": null, "wikidata": null, "brand": null, "branch": null, "addr:city": null, "government": null, "office": null, "website": null, "train": null, "addr:housenumber": null, "contact:mobile": null, "payment:cash": null, "payment:credit_cards": null, "payment:debit_cards": null, "check_date": null, "education": null, "grades": null, "alt_name": null, "name:ml": null, "platforms": null, "wikipedia": null, "building": null, "designation": "Church Corner", "local_ref": "Church Corner", "atm": null, "brand:wikidata": null, "brand:wikipedia": null, "operator:wikidata": null, "short_name": null, "brand:en": null, "currency:INR": null, "drive_through": null, "indoor": null, "note": null, "operator:en": null, "operator:wikipedia": null, "fixme": null, "cuisine": null, "diet:vegetarian": null, "smoking": null, "cash_in": null, "currency:Rs": null, "bench": null, "lit": null, "shelter": null, "payment:google_pay": null, "area": null, "layer": null, "check_date:opening_hours": null, "level": null, "bin": null }, "geometry": { "type": "Point", "coordinates": [ 78.0816305, 10.962738 ] } },
{ "type": "Feature", "properties": { "element": "node", "id": 1930597744, "shop": null, "addr:district": null, "addr:full": null, "addr:postcode": null, "addr:state": null, "addr:subdistrict": null, "amenity": "school", "name": "Pasupadeshwara MHSS Girls School", "source": null, "addr:block": null, "healthcare": null, "bus": null, "highway": null, "name:en": null, "public_transport": null, "addr:street": null, "contact:instagram": null, "email": null, "internet_access": null, "opening_hours": null, "phone": null, "name:ta": null, "network": null, "operator": null, "railway": null, "ref": null, "wikidata": null, "brand": null, "branch": null, "addr:city": null, "government": null, "office": null, "website": null, "train": null, "addr:housenumber": null, "contact:mobile": null, "payment:cash": null, "payment:credit_cards": null, "payment:debit_cards": null, "check_date": null, "education": null, "grades": null, "alt_name": null, "name:ml": null, "platforms": null, "wikipedia": null, "building": null, "designation": null, "local_ref": null, "atm": null, "brand:wikidata": null, "brand:wikipedia": null, "operator:wikidata": null, "short_name": null, "brand:en": null, "currency:INR": null, "drive_through": null, "indoor": null, "note": null, "operator:en": null, "operator:wikipedia": null, "fixme": null, "cuisine": null, "diet:vegetarian": null, "smoking": null, "cash_in": null, "currency:Rs": null, "bench": null, "lit": null, "shelter": null, "payment:google_pay": null, "area": null, "layer": null, "check_date:opening_hours": null, "level": null, "bin": null }, "geometry": { "type": "Point", "coordinates": [ 78.0813148, 10.9589725 ] } },
{ "type": "Feature", "properties": { "element": "node", "id": 1937873810, "shop": null, "addr:district": null, "addr:full": null, "addr:postcode": null, "addr:state": null, "addr:subdistrict": null, "amenity": "school", "name": "St Theresa's Girls Higher Secondary School", "source": null, "addr:block": null, "healthcare": null, "bus": null, "highway": null, "name:en": null, "public_transport": null, "addr:street": null, "contact:instagram": null, "email": null, "internet_access": null, "opening_hours": null, "phone": null, "name:ta": null, "network": null, "operator": null, "railway": null, "ref": null, "wikidata": null, "brand": null, "branch": null, "addr:city": null, "government": null, "office": null, "website": null, "train": null, "addr:housenumber": null, "contact:mobile": null, "payment:cash": null, "payment:credit_cards": null, "payment:debit_cards": null, "check_date": null, "education": null, "grades": null, "alt_name": null, "name:ml": null, "platforms": null, "wikipedia": null, "building": null, "designation": null, "local_ref": null, "atm": null, "brand:wikidata": null, "brand:wikipedia": null, "operator:wikidata": null, "short_name": null, "brand:en": null, "currency:INR": null, "drive_through": null, "indoor": null, "note": null, "operator:en": null, "operator:wikipedia": null, "fixme": null, "cuisine": null, "diet:vegetarian": null, "smoking": null, "cash_in": null, "currency:Rs": null, "bench": null, "lit": null, "shelter": null, "payment:google_pay": null, "area": null, "layer": null, "check_date:opening_hours": null, "level": null, "bin": null }, "geometry": { "type": "Point", "coordinates": [ 78.0949561, 10.9490521 ] } },
{ "type": "Feature", "properties": { "element": "node", "id": 4112304449, "shop": null, "addr:district": null, "addr:full": null, "addr:postcode": null, "addr:state": null, "addr:subdistrict": null, "amenity": null, "name": "Kulithalai", "source": null, "addr:block": null, "healthcare": null, "bus": null, "highway": null, "name:en": null, "public_transport": "station", "addr:street": null, "contact:instagram": null, "email": null, "internet_access": "no", "opening_hours": null, "phone": null, "name:ta": "குளித்தலை", "network": "IR", "operator": "SR", "railway": "station", "ref": "KLT", "wikidata": "Q63356512", "brand": null, "branch": null, "addr:city": null, "government": null, "office": null, "website": null, "train": null, "addr:housenumber": null, "contact:mobile": null, "payment:cash": null, "payment:credit_cards": null, "payment:debit_cards": null, "check_date": null, "education": null, "grades": null, "alt_name": null, "name:ml": null, "platforms": null, "wikipedia": null, "building": null, "designation": null, "local_ref": null, "atm": null, "brand:wikidata": null, "brand:wikipedia": null, "operator:wikidata": null, "short_name": null, "brand:en": null, "currency:INR": null, "drive_through": null, "indoor": null, "note": null, "operator:en": null, "operator:wikipedia": null, "fixme": null, "cuisine": null, "diet:vegetarian": null, "smoking": null, "cash_in": null, "currency:Rs": null, "bench": null, "lit": null, "shelter": null, "payment:google_pay": null, "area": null, "layer": null, "check_date:opening_hours": null, "level": null, "bin": null }, "geometry": { "type": "Point", "coordinates": [ 78.4210459, 10.9335519 ] } },
{ "type": "Feature", "properties": { "element": "node", "id": 4161459293, "shop": "bakery", "addr:district": null, "addr:full": null, "addr:postcode": null, "addr:state": null, "addr:subdistrict": null, "amenity": null, "name": "Suriya Bakery", "source": null, "addr:block": null, "healthcare": null, "bus": null, "highway": null, "name:en": null, "public_transport": null, "addr:street": "Chinnadharapuram ", "contact:instagram": null, "email": null, "internet_access": null, "opening_hours": "24/7", "phone": null, "name:ta": null, "network": null, "operator": null, "railway": null, "ref": null, "wikidata": null, "brand": null, "branch": null, "addr:city": null, "government": null, "office": null, "website": null, "train": null, "addr:housenumber": null, "contact:mobile": null, "payment:cash": null, "payment:credit_cards": null, "payment:debit_cards": null, "check_date": null, "education": null, "grades": null, "alt_name": null, "name:ml": null, "platforms": null, "wikipedia": null, "building": null, "designation": null, "local_ref": null, "atm": null, "brand:wikidata": null, "brand:wikipedia": null, "operator:wikidata": null, "short_name": null, "brand:en": null, "currency:INR": null, "drive_through": null, "indoor": null, "note": null, "operator:en": null, "operator:wikipedia": null, "fixme": null, "cuisine": null, "diet:vegetarian": null, "smoking": null, "cash_in": null, "currency:Rs": null, "bench": null, "lit": null, "shelter": null, "payment:google_pay": null, "area": null, "layer": null, "check_date:opening_hours": null, "level": null, "bin": null }, "geometry": { "type": "Point", "coordinates": [ 77.8473444, 10.8520019 ] } },
{ "type": "Feature", "properties": { "element": "node", "id": 4161498189, "shop": null, "addr:district": null, "addr:full": null, "addr:postcode": null, "addr:state": null, "addr:subdistrict": null, "amenity": null, "name": "Chinnadhrapuram bus stop", "source": null, "addr:block": null, "healthcare": null, "bus": "yes", "highway": "bus_stop", "name:en": null, "public_transport": "platform", "addr:street": null, "contact:instagram": null, "email": null, "internet_access": null, "opening_hours": null, "phone": null, "name:ta": null, "network": null, "operator": null, "railway": null, "ref": null, "wikidata": null, "brand": null, "branch": null, "addr:city": null, "government": null, "office": null, "website": null, "train": null, "addr:housenumber": null, "contact:mobile": null, "payment:cash": null, "payment:credit_cards": null, "payment:debit_cards": null, "check_date": null, "education": null, "grades": null, "alt_name": null, "name:ml": null, "platforms": null, "wikipedia": null, "building": null, "designation": null, "local_ref": null, "atm": null, "brand:wikidata": null, "brand:wikipedia": null, "operator:wikidata": null, "short_name": null, "brand:en": null, "currency:INR": null, "drive_through": null, "indoor": null, "note": null, "operator:en": null, "operator:wikipedia": null, "fixme": null, "cuisine": null, "diet:vegetarian": null, "smoking": null, "cash_in": null, "currency:Rs": null, "bench": null, "lit": null, "shelter": null, "payment:google_pay": null, "area": null, "layer": null, "check_date:opening_hours": null, "level": null, "bin": null }, "geometry": { "type": "Point", "coordinates": [ 77.8474235, 10.8517982 ] } },
{ "type": "Feature", "properties": { "element": "node", "id": 4199789889, "shop": null, "addr:district": null, "addr:full": null, "addr:postcode": "639202", "addr:state": null, "addr:subdistrict": null, "amenity": "bank", "name": "Lakshmi Vilas Bank", "source": null, "addr:block": null, "healthcare": null, "bus": null, "highway": null, "name:en": "Lakshmi Vilas Bank", "public_transport": null, "addr:street": "Chinnadharapuram", "contact:instagram": null, "email": null, "internet_access": null, "opening_hours": null, "phone": null, "name:ta": null, "network": null, "operator": null, "railway": null, "ref": null, "wikidata": null, "brand": null, "branch": null, "addr:city": null, "government": null, "office": null, "website": "https://www.lvbank.com", "train": null, "addr:housenumber": null, "contact:mobile": null, "payment:cash": null, "payment:credit_cards": null, "payment:debit_cards": null, "check_date": null, "education": null, "grades": null, "alt_name": null, "name:ml": null, "platforms": null, "wikipedia": null, "building": null, "designation": null, "local_ref": null, "atm": null, "brand:wikidata": "Q6479935", "brand:wikipedia": "en:Lakshmi Vilas Bank", "operator:wikidata": null, "short_name": null, "brand:en": null, "currency:INR": null, "drive_through": null, "indoor": null, "note": null, "operator:en": null, "operator:wikipedia": null, "fixme": null, "cuisine": null, "diet:vegetarian": null, "smoking": null, "cash_in": null, "currency:Rs": null, "bench": null, "lit": null, "shelter": null, "payment:google_pay": null, "area": null, "layer": null, "check_date:opening_hours": null, "level": null, "bin": null }, "geometry": { "type": "Point", "coordinates": [ 77.8478771, 10.8519175 ] } },
{ "type": "Feature", "properties": { "element": "node", "id": 4243026507, "shop": "department_store", "addr:district": null, "addr:full": null, "addr:postcode": null, "addr:state": null, "addr:subdistrict": null, "amenity": null, "name": "Ganesh Grocery Market", "source": null, "addr:block": null, "healthcare": null, "bus": null, "highway": null, "name:en": null, "public_transport": null, "addr:street": "Pollachi - Dharapuram - Mulanur - Karur Road", "contact:instagram": null, "email": null, "internet_access": null, "opening_hours": null, "phone": null, "name:ta": null, "network": null, "operator": null, "railway": null, "ref": null, "wikidata": null, "brand": null, "branch": null, "addr:city": null, "government": null, "office": null, "website": null, "train": null, "addr:housenumber": null, "contact:mobile": null, "payment:cash": null, "payment:credit_cards": null, "payment:debit_cards": null, "check_date": null, "education": null, "grades": null, "alt_name": null, "name:ml": null, "platforms": null, "wikipedia": null, "building": null, "designation": null, "local_ref": null, "atm": null, "brand:wikidata": null, "brand:wikipedia": null, "operator:wikidata": null, "short_name": null, "brand:en": null, "currency:INR": null, "drive_through": null, "indoor": null, "note": null, "operator:en": null, "operator:wikipedia": null, "fixme": null, "cuisine": null, "diet:vegetarian": null, "smoking": null, "cash_in": null, "currency:Rs": null, "bench": null, "lit": null, "shelter": null, "payment:google_pay": null, "area": null, "layer": null, "check_date:opening_hours": null, "level": null, "bin": null }, "geometry": { "type": "Point", "coordinates": [ 77.8426368, 10.8492688 ] } },
{ "type": "Feature", "properties": { "element": "node", "id": 4271573964, "shop": null, "addr:district": null, "addr:full": null, "addr:postcode": null, "addr:state": null, "addr:subdistrict": null, "amenity": null, "name": "Mayanoor", "source": null, "addr:block": null, "healthcare": null, "bus": null, "highway": null, "name:en": null, "public_transport": "station", "addr:street": null, "contact:instagram": null, "email": null, "internet_access": "no", "opening_hours": null, "phone": null, "name:ta": "மாயனுர்", "network": "IR", "operator": "SR", "railway": "station", "ref": "MYU", "wikidata": "Q63356779", "brand": null, "branch": null, "addr:city": null, "government": null, "office": null, "website": null, "train": null, "addr:housenumber": null, "contact:mobile": null, "payment:cash": null, "payment:credit_cards": null, "payment:debit_cards": null, "check_date": null, "education": null, "grades": null, "alt_name": null, "name:ml": null, "platforms": null, "wikipedia": null, "building": null, "designation": null, "local_ref": null, "atm": null, "brand:wikidata": null, "brand:wikipedia": null, "operator:wikidata": null, "short_name": null, "brand:en": null, "currency:INR": null, "drive_through": null, "indoor": null, "note": null, "operator:en": null, "operator:wikipedia": null, "fixme": null, "cuisine": null, "diet:vegetarian": null, "smoking": null, "cash_in": null, "currency:Rs": null, "bench": null, "lit": null, "shelter": null, "payment:google_pay": null, "area": null, "layer": null, "check_date:opening_hours": null, "level": null, "bin": null }, "geometry": { "type": "Point", "coordinates": [ 78.2368598, 10.9550023 ] } },
{ "type": "Feature", "properties": { "element": "node", "id": 4292833997, "shop": null, "addr:district": null, "addr:full": null, "addr:postcode": "639006", "addr:state": null, "addr:subdistrict": null, "amenity": "school", "name": "Cheran Matriculation Higher Secondary School", "source": null, "addr:block": null, "healthcare": null, "bus": null, "highway": null, "name:en": null, "public_transport": null, "addr:street": "Varanasi - Kanniyakumari Road (Old NH7)", "contact:instagram": null, "email": "cheranmathss@gmail.com", "internet_access": null, "opening_hours": null, "phone": "+91 4324 222 004", "name:ta": null, "network": null, "operator": null, "railway": null, "ref": null, "wikidata": null, "brand": null, "branch": null, "addr:city": "Karur", "government": null, "office": null, "website": "https://www.cheranschool.com/index.php?/home", "train": null, "addr:housenumber": null, "contact:mobile": null, "payment:cash": null, "payment:credit_cards": null, "payment:debit_cards": null, "check_date": null, "education": null, "grades": null, "alt_name": null, "name:ml": null, "platforms": null, "wikipedia": null, "building": null, "designation": null, "local_ref": null, "atm": null, "brand:wikidata": null, "brand:wikipedia": null, "operator:wikidata": null, "short_name": null, "brand:en": null, "currency:INR": null, "drive_through": null, "indoor": null, "note": null, "operator:en": null, "operator:wikipedia": null, "fixme": null, "cuisine": null, "diet:vegetarian": null, "smoking": null, "cash_in": null, "currency:Rs": null, "bench": null, "lit": null, "shelter": null, "payment:google_pay": null, "area": null, "layer": null, "check_date:opening_hours": null, "level": null, "bin": null }, "geometry": { "type": "Point", "coordinates": [ 78.0743488, 10.9971306 ] } },
{ "type": "Feature", "properties": { "element": "node", "id": 4292849891, "shop": null, "addr:district": null, "addr:full": null, "addr:postcode": null, "addr:state": null, "addr:subdistrict": null, "amenity": "bank", "name": "TDCC bank", "source": null, "addr:block": null, "healthcare": null, "bus": null, "highway": null, "name:en": null, "public_transport": null, "addr:street": "azar street", "contact:instagram": null, "email": null, "internet_access": null, "opening_hours": null, "phone": null, "name:ta": null, "network": null, "operator": null, "railway": null, "ref": null, "wikidata": null, "brand": null, "branch": null, "addr:city": null, "government": null, "office": null, "website": null, "train": null, "addr:housenumber": null, "contact:mobile": null, "payment:cash": null, "payment:credit_cards": null, "payment:debit_cards": null, "check_date": null, "education": null, "grades": null, "alt_name": null, "name:ml": null, "platforms": null, "wikipedia": null, "building": null, "designation": null, "local_ref": null, "atm": null, "brand:wikidata": null, "brand:wikipedia": null, "operator:wikidata": null, "short_name": null, "brand:en": null, "currency:INR": null, "drive_through": null, "indoor": null, "note": null, "operator:en": null, "operator:wikipedia": null, "fixme": null, "cuisine": null, "diet:vegetarian": null, "smoking": null, "cash_in": null, "currency:Rs": null, "bench": null, "lit": null, "shelter": null, "payment:google_pay": null, "area": null, "layer": null, "check_date:opening_hours": null, "level": null, "bin": null }, "geometry": { "type": "Point", "coordinates": [ 78.0799952, 10.9597269 ] } },
{ "type": "Feature", "properties": { "element": "node", "id": 4391380392, "shop": "department_store", "addr:district": null, "addr:full": null, "addr:postcode": null, "addr:state": null, "addr:subdistrict": null, "amenity": null, "name": "Kannan Departmental Store", "source": null, "addr:block": null, "healthcare": null, "bus": null, "highway": null, "name:en": null, "public_transport": null, "addr:street": null, "contact:instagram": null, "email": null, "internet_access": null, "opening_hours": null, "phone": null, "name:ta": null, "network": null, "operator": null, "railway": null, "ref": null, "wikidata": null, "brand": null, "branch": null, "addr:city": null, "government": null, "office": null, "website": null, "train": null, "addr:housenumber": null, "contact:mobile": null, "payment:cash": null, "payment:credit_cards": null, "payment:debit_cards": null, "check_date": null, "education": null, "grades": null, "alt_name": null, "name:ml": null, "platforms": null, "wikipedia": null, "building": null, "designation": null, "local_ref": null, "atm": null, "brand:wikidata": null, "brand:wikipedia": null, "operator:wikidata": null, "short_name": null, "brand:en": null, "currency:INR": null, "drive_through": null, "indoor": null, "note": null, "operator:en": null, "operator:wikipedia": null, "fixme": null, "cuisine": null, "diet:vegetarian": null, "smoking": null, "cash_in": null, "currency:Rs": null, "bench": null, "lit": null, "shelter": null, "payment:google_pay": null, "area": null, "layer": null, "check_date:opening_hours": null, "level": null, "bin": null }, "geometry": { "type": "Point", "coordinates": [ 78.0725206, 10.9603996 ] } },
{ "type": "Feature", "properties": { "element": "node", "id": 4416267789, "shop": null, "addr:district": null, "addr:full": null, "addr:postcode": null, "addr:state": null, "addr:subdistrict": null, "amenity": "atm", "name": "State Bank of India", "source": null, "addr:block": null, "healthcare": null, "bus": null, "highway": null, "name:en": null, "public_transport": null, "addr:street": null, "contact:instagram": null, "email": null, "internet_access": null, "opening_hours": "24/7", "phone": null, "name:ta": null, "network": null, "operator": "State Bank of India", "railway": null, "ref": null, "wikidata": null, "brand": "State Bank of India", "branch": null, "addr:city": null, "government": null, "office": null, "website": null, "train": null, "addr:housenumber": null, "contact:mobile": null, "payment:cash": null, "payment:credit_cards": null, "payment:debit_cards": null, "check_date": null, "education": null, "grades": null, "alt_name": null, "name:ml": null, "platforms": null, "wikipedia": null, "building": null, "designation": null, "local_ref": null, "atm": null, "brand:wikidata": "Q1340361", "brand:wikipedia": "en:State Bank of India", "operator:wikidata": "Q1340361", "short_name": "SBI", "brand:en": "State Bank of India", "currency:INR": "yes", "drive_through": "no", "indoor": "yes", "note": "Contributors are requested to not edit the \"brand\", \"brand:en\", \"brand:wikidata\", \"operator\", \"operator:en\" and \"operator:wikidata\" tags. (2025/03/03)", "operator:en": "State Bank of India", "operator:wikipedia": "en:State Bank of India", "fixme": null, "cuisine": null, "diet:vegetarian": null, "smoking": null, "cash_in": null, "currency:Rs": null, "bench": null, "lit": null, "shelter": null, "payment:google_pay": null, "area": null, "layer": null, "check_date:opening_hours": null, "level": null, "bin": null }, "geometry": { "type": "Point", "coordinates": [ 78.0663498, 10.9534288 ] } },
{ "type": "Feature", "properties": { "element": "node", "id": 4461507690, "shop": "bakery", "addr:district": null, "addr:full": null, "addr:postcode": null, "addr:state": null, "addr:subdistrict": null, "amenity": null, "name": null, "source": null, "addr:block": null, "healthcare": null, "bus": null, "highway": null, "name:en": null, "public_transport": null, "addr:street": null, "contact:instagram": null, "email": null, "internet_access": null, "opening_hours": null, "phone": null, "name:ta": null, "network": null, "operator": null, "railway": null, "ref": null, "wikidata": null, "brand": null, "branch": null, "addr:city": null, "government": null, "office": null, "website": null, "train": null, "addr:housenumber": null, "contact:mobile": null, "payment:cash": null, "payment:credit_cards": null, "payment:debit_cards": null, "check_date": null, "education": null, "grades": null, "alt_name": null, "name:ml": null, "platforms": null, "wikipedia": null, "building": null, "designation": null, "local_ref": null, "atm": null, "brand:wikidata": null, "brand:wikipedia": null, "operator:wikidata": null, "short_name": null, "brand:en": null, "currency:INR": null, "drive_through": null, "indoor": null, "note": null, "operator:en": null, "operator:wikipedia": null, "fixme": null, "cuisine": null, "diet:vegetarian": null, "smoking": null, "cash_in": null, "currency:Rs": null, "bench": null, "lit": null, "shelter": null, "payment:google_pay": null, "area": null, "layer": null, "check_date:opening_hours": null, "level": null, "bin": null }, "geometry": { "type": "Point", "coordinates": [ 78.3563005, 10.8385019 ] } },
{ "type": "Feature", "properties": { "element": "node", "id": 4486209089, "shop": "bakery", "addr:district": null, "addr:full": null, "addr:postcode": null, "addr:state": null, "addr:subdistrict": null, "amenity": null, "name": null, "source": null, "addr:block": null, "healthcare": null, "bus": null, "highway": null, "name:en": null, "public_transport": null, "addr:street": null, "contact:instagram": null, "email": null, "internet_access": null, "opening_hours": null, "phone": null, "name:ta": null, "network": null, "operator": null, "railway": null, "ref": null, "wikidata": null, "brand": null, "branch": null, "addr:city": null, "government": null, "office": null, "website": null, "train": null, "addr:housenumber": null, "contact:mobile": null, "payment:cash": null, "payment:credit_cards": null, "payment:debit_cards": null, "check_date": null, "education": null, "grades": null, "alt_name": null, "name:ml": null, "platforms": null, "wikipedia": null, "building": null, "designation": null, "local_ref": null, "atm": null, "brand:wikidata": null, "brand:wikipedia": null, "operator:wikidata": null, "short_name": null, "brand:en": null, "currency:INR": null, "drive_through": null, "indoor": null, "note": null, "operator:en": null, "operator:wikipedia": null, "fixme": null, "cuisine": null, "diet:vegetarian": null, "smoking": null, "cash_in": null, "currency:Rs": null, "bench": null, "lit": null, "shelter": null, "payment:google_pay": null, "area": null, "layer": null, "check_date:opening_hours": null, "level": null, "bin": null }, "geometry": { "type": "Point", "coordinates": [ 78.454165, 10.7114125 ] } },
{ "type": "Feature", "properties": { "element": "node", "id": 4515049691, "shop": null, "addr:district": null, "addr:full": null, "addr:postcode": null, "addr:state": null, "addr:subdistrict": null, "amenity": "hospital", "name": null, "source": null, "addr:block": null, "healthcare": "hospital", "bus": null, "highway": null, "name:en": "Venkataramana Vaidyasalai", "public_transport": null, "addr:street": "South Mada Valagam", "contact:instagram": null, "email": null, "internet_access": null, "opening_hours": null, "phone": null, "name:ta": null, "network": null, "operator": null, "railway": null, "ref": null, "wikidata": null, "brand": null, "branch": null, "addr:city": null, "government": null, "office": null, "website": null, "train": null, "addr:housenumber": null, "contact:mobile": null, "payment:cash": null, "payment:credit_cards": null, "payment:debit_cards": null, "check_date": null, "education": null, "grades": null, "alt_name": null, "name:ml": null, "platforms": null, "wikipedia": null, "building": null, "designation": null, "local_ref": null, "atm": null, "brand:wikidata": null, "brand:wikipedia": null, "operator:wikidata": null, "short_name": null, "brand:en": null, "currency:INR": null, "drive_through": null, "indoor": null, "note": null, "operator:en": null, "operator:wikipedia": null, "fixme": null, "cuisine": null, "diet:vegetarian": null, "smoking": null, "cash_in": null, "currency:Rs": null, "bench": null, "lit": null, "shelter": null, "payment:google_pay": null, "area": null, "layer": null, "check_date:opening_hours": null, "level": null, "bin": null }, "geometry": { "type": "Point", "coordinates": [ 78.0795997, 10.9601709 ] } },
{ "type": "Feature", "properties": { "element": "node", "id": 4535183594, "shop": null, "addr:district": null, "addr:full": null, "addr:postcode": null, "addr:state": null, "addr:subdistrict": null, "amenity": "school", "name": null, "source": null, "addr:block": null, "healthcare": null, "bus": null, "highway": null, "name:en": "CHERRAN school", "public_transport": null, "addr:street": null, "contact:instagram": null, "email": null, "internet_access": null, "opening_hours": null, "phone": null, "name:ta": null, "network": null, "operator": null, "railway": null, "ref": null, "wikidata": null, "brand": null, "branch": null, "addr:city": null, "government": null, "office": null, "website": null, "train": null, "addr:housenumber": null, "contact:mobile": null, "payment:cash": null, "payment:credit_cards": null, "payment:debit_cards": null, "check_date": null, "education": null, "grades": null, "alt_name": null, "name:ml": null, "platforms": null, "wikipedia": null, "building": null, "designation": null, "local_ref": null, "atm": null, "brand:wikidata": null, "brand:wikipedia": null, "operator:wikidata": null, "short_name": null, "brand:en": null, "currency:INR": null, "drive_through": null, "indoor": null, "note": null, "operator:en": null, "operator:wikipedia": null, "fixme": null, "cuisine": null, "diet:vegetarian": null, "smoking": null, "cash_in": null, "currency:Rs": null, "bench": null, "lit": null, "shelter": null, "payment:google_pay": null, "area": null, "layer": null, "check_date:opening_hours": null, "level": null, "bin": null }, "geometry": { "type": "Point", "coordinates": [ 77.9880089, 11.0101185 ] } },
{ "type": "Feature", "properties": { "element": "node", "id": 4535183595, "shop": "beverages", "addr:district": null, "addr:full": null, "addr:postcode": null, "addr:state": null, "addr:subdistrict": null, "amenity": null, "name": null, "source": null, "addr:block": null, "healthcare": null, "bus": null, "highway": null, "name:en": "RELAXING For DRINKING", "public_transport": null, "addr:street": null, "contact:instagram": null, "email": null, "internet_access": null, "opening_hours": null, "phone": null, "name:ta": null, "network": null, "operator": null, "railway": null, "ref": null, "wikidata": null, "brand": null, "branch": null, "addr:city": null, "government": null, "office": null, "website": null, "train": null, "addr:housenumber": null, "contact:mobile": null, "payment:cash": null, "payment:credit_cards": null, "payment:debit_cards": null, "check_date": null, "education": null, "grades": null, "alt_name": null, "name:ml": null, "platforms": null, "wikipedia": null, "building": null, "designation": null, "local_ref": null, "atm": null, "brand:wikidata": null, "brand:wikipedia": null, "operator:wikidata": null, "short_name": null, "brand:en": null, "currency:INR": null, "drive_through": null, "indoor": null, "note": null, "operator:en": null, "operator:wikipedia": null, "fixme": null, "cuisine": null, "diet:vegetarian": null, "smoking": null, "cash_in": null, "currency:Rs": null, "bench": null, "lit": null, "shelter": null, "payment:google_pay": null, "area": null, "layer": null, "check_date:opening_hours": null, "level": null, "bin": null }, "geometry": { "type": "Point", "coordinates": [ 77.9937443, 11.0111193 ] } },
{ "type": "Feature", "properties": { "element": "node", "id": 4535188101, "shop": null, "addr:district": null, "addr:full": null, "addr:postcode": null, "addr:state": null, "addr:subdistrict": null, "amenity": "bank", "name": "IOB Noyyal Branch", "source": null, "addr:block": null, "healthcare": null, "bus": null, "highway": null, "name:en": null, "public_transport": null, "addr:street": null, "contact:instagram": null, "email": null, "internet_access": null, "opening_hours": null, "phone": null, "name:ta": null, "network": null, "operator": null, "railway": null, "ref": null, "wikidata": null, "brand": null, "branch": null, "addr:city": null, "government": null, "office": null, "website": null, "train": null, "addr:housenumber": null, "contact:mobile": null, "payment:cash": null, "payment:credit_cards": null, "payment:debit_cards": null, "check_date": null, "education": null, "grades": null, "alt_name": null, "name:ml": null, "platforms": null, "wikipedia": null, "building": null, "designation": null, "local_ref": null, "atm": "yes", "brand:wikidata": null, "brand:wikipedia": null, "operator:wikidata": null, "short_name": null, "brand:en": null, "currency:INR": null, "drive_through": null, "indoor": null, "note": null, "operator:en": null, "operator:wikipedia": null, "fixme": "check", "cuisine": null, "diet:vegetarian": null, "smoking": null, "cash_in": null, "currency:Rs": null, "bench": null, "lit": null, "shelter": null, "payment:google_pay": null, "area": null, "layer": null, "check_date:opening_hours": null, "level": null, "bin": null }, "geometry": { "type": "Point", "coordinates": [ 77.926185, 11.0502625 ] } },
{ "type": "Feature", "properties": { "element": "node", "id": 4535189244, "shop": "department_store", "addr:district": null, "addr:full": null, "addr:postcode": null, "addr:state": null, "addr:subdistrict": null, "amenity": null, "name": null, "source": null, "addr:block": null, "healthcare": null, "bus": null, "highway": null, "name:en": "SIVA SAKTHI", "public_transport": null, "addr:street": null, "contact:instagram": null, "email": null, "internet_access": null, "opening_hours": null, "phone": null, "name:ta": null, "network": null, "operator": null, "railway": null, "ref": null, "wikidata": null, "brand": null, "branch": null, "addr:city": null, "government": null, "office": null, "website": null, "train": null, "addr:housenumber": null, "contact:mobile": null, "payment:cash": null, "payment:credit_cards": null, "payment:debit_cards": null, "check_date": null, "education": null, "grades": null, "alt_name": null, "name:ml": null, "platforms": null, "wikipedia": null, "building": null, "designation": null, "local_ref": null, "atm": null, "brand:wikidata": null, "brand:wikipedia": null, "operator:wikidata": null, "short_name": null, "brand:en": null, "currency:INR": null, "drive_through": null, "indoor": null, "note": null, "operator:en": null, "operator:wikipedia": null, "fixme": null, "cuisine": null, "diet:vegetarian": null, "smoking": null, "cash_in": null, "currency:Rs": null, "bench": null, "lit": null, "shelter": null, "payment:google_pay": null, "area": null, "layer": null, "check_date:opening_hours": null, "level": null, "bin": null }, "geometry": { "type": "Point", "coordinates": [ 77.924346, 11.0520862 ] } },
{ "type": "Feature", "properties": { "element": "node", "id": 4552266413, "shop": "confectionery", "addr:district": null, "addr:full": null, "addr:postcode": null, "addr:state": null, "addr:subdistrict": null, "amenity": null, "name": null, "source": null, "addr:block": null, "healthcare": null, "bus": null, "highway": null, "name:en": "Sumathi Sweets", "public_transport": null, "addr:street": null, "contact:instagram": null, "email": null, "internet_access": null, "opening_hours": null, "phone": null, "name:ta": null, "network": null, "operator": null, "railway": null, "ref": null, "wikidata": null, "brand": null, "branch": null, "addr:city": null, "government": null, "office": null, "website": null, "train": null, "addr:housenumber": null, "contact:mobile": null, "payment:cash": null, "payment:credit_cards": null, "payment:debit_cards": null, "check_date": null, "education": null, "grades": null, "alt_name": null, "name:ml": null, "platforms": null, "wikipedia": null, "building": null, "designation": null, "local_ref": null, "atm": null, "brand:wikidata": null, "brand:wikipedia": null, "operator:wikidata": null, "short_name": null, "brand:en": null, "currency:INR": null, "drive_through": null, "indoor": null, "note": null, "operator:en": null, "operator:wikipedia": null, "fixme": null, "cuisine": null, "diet:vegetarian": null, "smoking": null, "cash_in": null, "currency:Rs": null, "bench": null, "lit": null, "shelter": null, "payment:google_pay": null, "area": null, "layer": null, "check_date:opening_hours": null, "level": null, "bin": null }, "geometry": { "type": "Point", "coordinates": [ 78.0795062, 10.9593356 ] } },
{ "type": "Feature", "properties": { "element": "node", "id": 4552266414, "shop": "department_store", "addr:district": null, "addr:full": null, "addr:postcode": null, "addr:state": null, "addr:subdistrict": null, "amenity": null, "name": null, "source": null, "addr:block": null, "healthcare": null, "bus": null, "highway": null, "name:en": "Ravis Super Market", "public_transport": null, "addr:street": null, "contact:instagram": null, "email": null, "internet_access": null, "opening_hours": null, "phone": null, "name:ta": null, "network": null, "operator": null, "railway": null, "ref": null, "wikidata": null, "brand": null, "branch": null, "addr:city": null, "government": null, "office": null, "website": null, "train": null, "addr:housenumber": null, "contact:mobile": null, "payment:cash": null, "payment:credit_cards": null, "payment:debit_cards": null, "check_date": null, "education": null, "grades": null, "alt_name": null, "name:ml": null, "platforms": null, "wikipedia": null, "building": null, "designation": null, "local_ref": null, "atm": null, "brand:wikidata": null, "brand:wikipedia": null, "operator:wikidata": null, "short_name": null, "brand:en": null, "currency:INR": null, "drive_through": null, "indoor": null, "note": null, "operator:en": null, "operator:wikipedia": null, "fixme": null, "cuisine": null, "diet:vegetarian": null, "smoking": null, "cash_in": null, "currency:Rs": null, "bench": null, "lit": null, "shelter": null, "payment:google_pay": null, "area": null, "layer": null, "check_date:opening_hours": null, "level": null, "bin": null }, "geometry": { "type": "Point", "coordinates": [ 78.0799865, 10.9596708 ] } },
{ "type": "Feature", "properties": { "element": "node", "id": 4552267291, "shop": "shoes", "addr:district": null, "addr:full": null, "addr:postcode": null, "addr:state": null, "addr:subdistrict": null, "amenity": null, "name": null, "source": null, "addr:block": null, "healthcare": null, "bus": null, "highway": null, "name:en": "ADIDAS Shoe Mart", "public_transport": null, "addr:street": null, "contact:instagram": null, "email": null, "internet_access": null, "opening_hours": null, "phone": null, "name:ta": null, "network": null, "operator": null, "railway": null, "ref": null, "wikidata": null, "brand": null, "branch": null, "addr:city": null, "government": null, "office": null, "website": null, "train": null, "addr:housenumber": null, "contact:mobile": null, "payment:cash": null, "payment:credit_cards": null, "payment:debit_cards": null, "check_date": null, "education": null, "grades": null, "alt_name": null, "name:ml": null, "platforms": null, "wikipedia": null, "building": null, "designation": null, "local_ref": null, "atm": null, "brand:wikidata": null, "brand:wikipedia": null, "operator:wikidata": null, "short_name": null, "brand:en": null, "currency:INR": null, "drive_through": null, "indoor": null, "note": null, "operator:en": null, "operator:wikipedia": null, "fixme": null, "cuisine": null, "diet:vegetarian": null, "smoking": null, "cash_in": null, "currency:Rs": null, "bench": null, "lit": null, "shelter": null, "payment:google_pay": null, "area": null, "layer": null, "check_date:opening_hours": null, "level": null, "bin": null }, "geometry": { "type": "Point", "coordinates": [ 78.0794104, 10.9593247 ] } },
{ "type": "Feature", "properties": { "element": "node", "id": 4568033890, "shop": null, "addr:district": null, "addr:full": null, "addr:postcode": null, "addr:state": null, "addr:subdistrict": null, "amenity": "atm", "name": null, "source": null, "addr:block": null, "healthcare": null, "bus": null, "highway": null, "name:en": null, "public_transport": null, "addr:street": null, "contact:instagram": null, "email": null, "internet_access": null, "opening_hours": null, "phone": null, "name:ta": null, "network": null, "operator": "LVB", "railway": null, "ref": null, "wikidata": null, "brand": null, "branch": null, "addr:city": null, "government": null, "office": null, "website": null, "train": null, "addr:housenumber": null, "contact:mobile": null, "payment:cash": null, "payment:credit_cards": null, "payment:debit_cards": null, "check_date": null, "education": null, "grades": null, "alt_name": null, "name:ml": null, "platforms": null, "wikipedia": null, "building": null, "designation": null, "local_ref": null, "atm": null, "brand:wikidata": null, "brand:wikipedia": null, "operator:wikidata": null, "short_name": null, "brand:en": null, "currency:INR": null, "drive_through": null, "indoor": null, "note": null, "operator:en": null, "operator:wikipedia": null, "fixme": null, "cuisine": null, "diet:vegetarian": null, "smoking": null, "cash_in": null, "currency:Rs": null, "bench": null, "lit": null, "shelter": null, "payment:google_pay": null, "area": null, "layer": null, "check_date:opening_hours": null, "level": null, "bin": null }, "geometry": { "type": "Point", "coordinates": [ 77.8481747, 10.8521891 ] } },
{ "type": "Feature", "properties": { "element": "node", "id": 4584951994, "shop": null, "addr:district": null, "addr:full": null, "addr:postcode": null, "addr:state": null, "addr:subdistrict": null, "amenity": "school", "name": null, "source": null, "addr:block": null, "healthcare": null, "bus": null, "highway": null, "name:en": "government school", "public_transport": null, "addr:street": null, "contact:instagram": null, "email": null, "internet_access": null, "opening_hours": null, "phone": null, "name:ta": null, "network": null, "operator": null, "railway": null, "ref": null, "wikidata": null, "brand": null, "branch": null, "addr:city": null, "government": null, "office": null, "website": null, "train": null, "addr:housenumber": null, "contact:mobile": null, "payment:cash": null, "payment:credit_cards": null, "payment:debit_cards": null, "check_date": null, "education": null, "grades": null, "alt_name": null, "name:ml": null, "platforms": null, "wikipedia": null, "building": null, "designation": null, "local_ref": null, "atm": null, "brand:wikidata": null, "brand:wikipedia": null, "operator:wikidata": null, "short_name": null, "brand:en": null, "currency:INR": null, "drive_through": null, "indoor": null, "note": null, "operator:en": null, "operator:wikipedia": null, "fixme": null, "cuisine": null, "diet:vegetarian": null, "smoking": null, "cash_in": null, "currency:Rs": null, "bench": null, "lit": null, "shelter": null, "payment:google_pay": null, "area": null, "layer": null, "check_date:opening_hours": null, "level": null, "bin": null }, "geometry": { "type": "Point", "coordinates": [ 77.9280409, 11.0483146 ] } },
{ "type": "Feature", "properties": { "element": "node", "id": 4584952093, "shop": "department_store", "addr:district": null, "addr:full": null, "addr:postcode": null, "addr:state": null, "addr:subdistrict": null, "amenity": null, "name": null, "source": null, "addr:block": null, "healthcare": null, "bus": null, "highway": null, "name:en": "nellai store", "public_transport": null, "addr:street": null, "contact:instagram": null, "email": null, "internet_access": null, "opening_hours": null, "phone": null, "name:ta": null, "network": null, "operator": null, "railway": null, "ref": null, "wikidata": null, "brand": null, "branch": null, "addr:city": null, "government": null, "office": null, "website": null, "train": null, "addr:housenumber": null, "contact:mobile": null, "payment:cash": null, "payment:credit_cards": null, "payment:debit_cards": null, "check_date": null, "education": null, "grades": null, "alt_name": null, "name:ml": null, "platforms": null, "wikipedia": null, "building": null, "designation": null, "local_ref": null, "atm": null, "brand:wikidata": null, "brand:wikipedia": null, "operator:wikidata": null, "short_name": null, "brand:en": null, "currency:INR": null, "drive_through": null, "indoor": null, "note": null, "operator:en": null, "operator:wikipedia": null, "fixme": null, "cuisine": null, "diet:vegetarian": null, "smoking": null, "cash_in": null, "currency:Rs": null, "bench": null, "lit": null, "shelter": null, "payment:google_pay": null, "area": null, "layer": null, "check_date:opening_hours": null, "level": null, "bin": null }, "geometry": { "type": "Point", "coordinates": [ 77.9244362, 11.0515785 ] } },
{ "type": "Feature", "properties": { "element": "node", "id": 4584952297, "shop": "bakery", "addr:district": null, "addr:full": null, "addr:postcode": null, "addr:state": null, "addr:subdistrict": null, "amenity": null, "name": null, "source": null, "addr:block": null, "healthcare": null, "bus": null, "highway": null, "name:en": "surya bakery,TEA,Coffee", "public_transport": null, "addr:street": null, "contact:instagram": null, "email": null, "internet_access": null, "opening_hours": null, "phone": null, "name:ta": null, "network": null, "operator": null, "railway": null, "ref": null, "wikidata": null, "brand": null, "branch": null, "addr:city": null, "government": null, "office": null, "website": null, "train": null, "addr:housenumber": null, "contact:mobile": null, "payment:cash": null, "payment:credit_cards": null, "payment:debit_cards": null, "check_date": null, "education": null, "grades": null, "alt_name": null, "name:ml": null, "platforms": null, "wikipedia": null, "building": null, "designation": null, "local_ref": null, "atm": null, "brand:wikidata": null, "brand:wikipedia": null, "operator:wikidata": null, "short_name": null, "brand:en": null, "currency:INR": null, "drive_through": null, "indoor": null, "note": null, "operator:en": null, "operator:wikipedia": null, "fixme": null, "cuisine": null, "diet:vegetarian": null, "smoking": null, "cash_in": null, "currency:Rs": null, "bench": null, "lit": null, "shelter": null, "payment:google_pay": null, "area": null, "layer": null, "check_date:opening_hours": null, "level": null, "bin": null }, "geometry": { "type": "Point", "coordinates": [ 77.9242395, 11.0518621 ] } },
{ "type": "Feature", "properties": { "element": "node", "id": 4584952298, "shop": "computer", "addr:district": null, "addr:full": null, "addr:postcode": null, "addr:state": null, "addr:subdistrict": null, "amenity": null, "name": null, "source": null, "addr:block": null, "healthcare": null, "bus": null, "highway": null, "name:en": "karthik xerox & book store", "public_transport": null, "addr:street": null, "contact:instagram": null, "email": null, "internet_access": null, "opening_hours": null, "phone": null, "name:ta": null, "network": null, "operator": null, "railway": null, "ref": null, "wikidata": null, "brand": null, "branch": null, "addr:city": null, "government": null, "office": null, "website": null, "train": null, "addr:housenumber": null, "contact:mobile": null, "payment:cash": null, "payment:credit_cards": null, "payment:debit_cards": null, "check_date": null, "education": null, "grades": null, "alt_name": null, "name:ml": null, "platforms": null, "wikipedia": null, "building": null, "designation": null, "local_ref": null, "atm": null, "brand:wikidata": null, "brand:wikipedia": null, "operator:wikidata": null, "short_name": null, "brand:en": null, "currency:INR": null, "drive_through": null, "indoor": null, "note": null, "operator:en": null, "operator:wikipedia": null, "fixme": null, "cuisine": null, "diet:vegetarian": null, "smoking": null, "cash_in": null, "currency:Rs": null, "bench": null, "lit": null, "shelter": null, "payment:google_pay": null, "area": null, "layer": null, "check_date:opening_hours": null, "level": null, "bin": null }, "geometry": { "type": "Point", "coordinates": [ 77.9245231, 11.0519065 ] } },
{ "type": "Feature", "properties": { "element": "node", "id": 4584953594, "shop": "bakery", "addr:district": null, "addr:full": null, "addr:postcode": null, "addr:state": null, "addr:subdistrict": null, "amenity": null, "name": null, "source": null, "addr:block": null, "healthcare": null, "bus": null, "highway": null, "name:en": "IYANGAR bakery", "public_transport": null, "addr:street": null, "contact:instagram": null, "email": null, "internet_access": null, "opening_hours": null, "phone": null, "name:ta": null, "network": null, "operator": null, "railway": null, "ref": null, "wikidata": null, "brand": null, "branch": null, "addr:city": null, "government": null, "office": null, "website": null, "train": null, "addr:housenumber": null, "contact:mobile": null, "payment:cash": null, "payment:credit_cards": null, "payment:debit_cards": null, "check_date": null, "education": null, "grades": null, "alt_name": null, "name:ml": null, "platforms": null, "wikipedia": null, "building": null, "designation": null, "local_ref": null, "atm": null, "brand:wikidata": null, "brand:wikipedia": null, "operator:wikidata": null, "short_name": null, "brand:en": null, "currency:INR": null, "drive_through": null, "indoor": null, "note": null, "operator:en": null, "operator:wikipedia": null, "fixme": null, "cuisine": null, "diet:vegetarian": null, "smoking": null, "cash_in": null, "currency:Rs": null, "bench": null, "lit": null, "shelter": null, "payment:google_pay": null, "area": null, "layer": null, "check_date:opening_hours": null, "level": null, "bin": null }, "geometry": { "type": "Point", "coordinates": [ 77.9245193, 11.0513075 ] } },
{ "type": "Feature", "properties": { "element": "node", "id": 4584953597, "shop": null, "addr:district": null, "addr:full": null, "addr:postcode": null, "addr:state": null, "addr:subdistrict": null, "amenity": "school", "name": null, "source": null, "addr:block": null, "healthcare": null, "bus": null, "highway": null, "name:en": "P.E.V.R.higher secondary school", "public_transport": null, "addr:street": null, "contact:instagram": null, "email": null, "internet_access": null, "opening_hours": null, "phone": null, "name:ta": null, "network": null, "operator": null, "railway": null, "ref": null, "wikidata": null, "brand": null, "branch": null, "addr:city": null, "government": null, "office": null, "website": null, "train": null, "addr:housenumber": null, "contact:mobile": null, "payment:cash": null, "payment:credit_cards": null, "payment:debit_cards": null, "check_date": null, "education": null, "grades": null, "alt_name": null, "name:ml": null, "platforms": null, "wikipedia": null, "building": null, "designation": null, "local_ref": null, "atm": null, "brand:wikidata": null, "brand:wikipedia": null, "operator:wikidata": null, "short_name": null, "brand:en": null, "currency:INR": null, "drive_through": null, "indoor": null, "note": null, "operator:en": null, "operator:wikipedia": null, "fixme": null, "cuisine": null, "diet:vegetarian": null, "smoking": null, "cash_in": null, "currency:Rs": null, "bench": null, "lit": null, "shelter": null, "payment:google_pay": null, "area": null, "layer": null, "check_date:opening_hours": null, "level": null, "bin": null }, "geometry": { "type": "Point", "coordinates": [ 77.9333243, 11.0611616 ] } },
{ "type": "Feature", "properties": { "element": "node", "id": 4697398889, "shop": null, "addr:district": null, "addr:full": null, "addr:postcode": null, "addr:state": null, "addr:subdistrict": null, "amenity": "atm", "name": null, "source": null, "addr:block": null, "healthcare": null, "bus": null, "highway": null, "name:en": null, "public_transport": null, "addr:street": null, "contact:instagram": null, "email": null, "internet_access": null, "opening_hours": null, "phone": null, "name:ta": null, "network": null, "operator": "prakash", "railway": null, "ref": null, "wikidata": null, "brand": null, "branch": null, "addr:city": null, "government": null, "office": null, "website": null, "train": null, "addr:housenumber": null, "contact:mobile": null, "payment:cash": null, "payment:credit_cards": null, "payment:debit_cards": null, "check_date": null, "education": null, "grades": null, "alt_name": null, "name:ml": null, "platforms": null, "wikipedia": null, "building": null, "designation": null, "local_ref": null, "atm": null, "brand:wikidata": null, "brand:wikipedia": null, "operator:wikidata": null, "short_name": null, "brand:en": null, "currency:INR": null, "drive_through": null, "indoor": null, "note": null, "operator:en": null, "operator:wikipedia": null, "fixme": null, "cuisine": null, "diet:vegetarian": null, "smoking": null, "cash_in": null, "currency:Rs": null, "bench": null, "lit": null, "shelter": null, "payment:google_pay": null, "area": null, "layer": null, "check_date:opening_hours": null, "level": null, "bin": null }, "geometry": { "type": "Point", "coordinates": [ 78.077495, 10.9790239 ] } },
{ "type": "Feature", "properties": { "element": "node", "id": 4799120031, "shop": "confectionery", "addr:district": null, "addr:full": null, "addr:postcode": "639001", "addr:state": null, "addr:subdistrict": null, "amenity": "restaurant", "name": "Adyar Ananda Bhavan", "source": null, "addr:block": null, "healthcare": null, "bus": null, "highway": null, "name:en": null, "public_transport": null, "addr:street": "Jawahar Bazzar", "contact:instagram": null, "email": null, "internet_access": null, "opening_hours": null, "phone": "+91 94868 96999", "name:ta": null, "network": null, "operator": "Adyar Ananda Bhavan", "railway": null, "ref": null, "wikidata": null, "brand": "Adyar Ananda Bhavan", "branch": null, "addr:city": "Karur", "government": null, "office": null, "website": "https://aabsweets.com", "train": null, "addr:housenumber": null, "contact:mobile": null, "payment:cash": null, "payment:credit_cards": null, "payment:debit_cards": null, "check_date": null, "education": null, "grades": null, "alt_name": "A2B", "name:ml": null, "platforms": null, "wikipedia": null, "building": null, "designation": null, "local_ref": null, "atm": null, "brand:wikidata": "Q15178238", "brand:wikipedia": "en:Adyar Ananda Bhavan", "operator:wikidata": null, "short_name": null, "brand:en": null, "currency:INR": null, "drive_through": null, "indoor": null, "note": null, "operator:en": null, "operator:wikipedia": null, "fixme": null, "cuisine": "regional", "diet:vegetarian": "only", "smoking": "no", "cash_in": null, "currency:Rs": null, "bench": null, "lit": null, "shelter": null, "payment:google_pay": null, "area": null, "layer": null, "check_date:opening_hours": null, "level": null, "bin": null }, "geometry": { "type": "Point", "coordinates": [ 78.0764812, 10.9594305 ] } },
{ "type": "Feature", "properties": { "element": "node", "id": 4950820021, "shop": "jewelry", "addr:district": null, "addr:full": null, "addr:postcode": "639001", "addr:state": null, "addr:subdistrict": null, "amenity": null, "name": null, "source": null, "addr:block": null, "healthcare": null, "bus": null, "highway": null, "name:en": "Sri Santhanam Jewellery", "public_transport": null, "addr:street": "Jawahar Bazzar", "contact:instagram": null, "email": "srisanthanamjewellery@gmail.com", "internet_access": null, "opening_hours": null, "phone": null, "name:ta": null, "network": null, "operator": null, "railway": null, "ref": null, "wikidata": null, "brand": null, "branch": null, "addr:city": null, "government": null, "office": null, "website": null, "train": null, "addr:housenumber": "77", "contact:mobile": null, "payment:cash": null, "payment:credit_cards": null, "payment:debit_cards": null, "check_date": null, "education": null, "grades": null, "alt_name": null, "name:ml": null, "platforms": null, "wikipedia": null, "building": null, "designation": null, "local_ref": null, "atm": null, "brand:wikidata": null, "brand:wikipedia": null, "operator:wikidata": null, "short_name": null, "brand:en": null, "currency:INR": null, "drive_through": null, "indoor": null, "note": null, "operator:en": null, "operator:wikipedia": null, "fixme": null, "cuisine": null, "diet:vegetarian": null, "smoking": null, "cash_in": null, "currency:Rs": null, "bench": null, "lit": null, "shelter": null, "payment:google_pay": null, "area": null, "layer": null, "check_date:opening_hours": null, "level": null, "bin": null }, "geometry": { "type": "Point", "coordinates": [ 78.076833, 10.9593504 ] } },
{ "type": "Feature", "properties": { "element": "node", "id": 4951079650, "shop": null, "addr:district": null, "addr:full": null, "addr:postcode": null, "addr:state": null, "addr:subdistrict": null, "amenity": "bank", "name": null, "source": null, "addr:block": null, "healthcare": null, "bus": null, "highway": null, "name:en": null, "public_transport": null, "addr:street": null, "contact:instagram": null, "email": null, "internet_access": null, "opening_hours": null, "phone": null, "name:ta": null, "network": null, "operator": null, "railway": null, "ref": null, "wikidata": null, "brand": "IOB", "branch": null, "addr:city": null, "government": null, "office": null, "website": null, "train": null, "addr:housenumber": null, "contact:mobile": null, "payment:cash": null, "payment:credit_cards": null, "payment:debit_cards": null, "check_date": null, "education": null, "grades": null, "alt_name": null, "name:ml": null, "platforms": null, "wikipedia": null, "building": null, "designation": null, "local_ref": null, "atm": null, "brand:wikidata": null, "brand:wikipedia": null, "operator:wikidata": null, "short_name": null, "brand:en": null, "currency:INR": null, "drive_through": null, "indoor": null, "note": null, "operator:en": null, "operator:wikipedia": null, "fixme": null, "cuisine": null, "diet:vegetarian": null, "smoking": null, "cash_in": null, "currency:Rs": null, "bench": null, "lit": null, "shelter": null, "payment:google_pay": null, "area": null, "layer": null, "check_date:opening_hours": null, "level": null, "bin": null }, "geometry": { "type": "Point", "coordinates": [ 78.3900374, 10.8800642 ] } },
{ "type": "Feature", "properties": { "element": "node", "id": 4951080821, "shop": null, "addr:district": null, "addr:full": null, "addr:postcode": null, "addr:state": null, "addr:subdistrict": null, "amenity": "hospital", "name": "Government Hospital", "source": null, "addr:block": null, "healthcare": "hospital", "bus": null, "highway": null, "name:en": null, "public_transport": null, "addr:street": null, "contact:instagram": null, "email": null, "internet_access": null, "opening_hours": null, "phone": null, "name:ta": null, "network": null, "operator": null, "railway": null, "ref": null, "wikidata": null, "brand": "Government Hospital", "branch": "Kulithilai", "addr:city": null, "government": null, "office": null, "website": null, "train": null, "addr:housenumber": null, "contact:mobile": null, "payment:cash": null, "payment:credit_cards": null, "payment:debit_cards": null, "check_date": null, "education": null, "grades": null, "alt_name": null, "name:ml": null, "platforms": null, "wikipedia": null, "building": null, "designation": null, "local_ref": null, "atm": null, "brand:wikidata": null, "brand:wikipedia": null, "operator:wikidata": null, "short_name": null, "brand:en": null, "currency:INR": null, "drive_through": null, "indoor": null, "note": null, "operator:en": null, "operator:wikipedia": null, "fixme": null, "cuisine": null, "diet:vegetarian": null, "smoking": null, "cash_in": null, "currency:Rs": null, "bench": null, "lit": null, "shelter": null, "payment:google_pay": null, "area": null, "layer": null, "check_date:opening_hours": null, "level": null, "bin": null }, "geometry": { "type": "Point", "coordinates": [ 78.4146362, 10.9428055 ] } },
{ "type": "Feature", "properties": { "element": "node", "id": 4951080822, "shop": null, "addr:district": null, "addr:full": null, "addr:postcode": "639104", "addr:state": null, "addr:subdistrict": null, "amenity": null, "name": "Tahsildar (Tax Officer's Office) Kulithalai", "source": null, "addr:block": null, "healthcare": null, "bus": null, "highway": null, "name:en": null, "public_transport": null, "addr:street": "Coimbatore - Trichy Road", "contact:instagram": null, "email": null, "internet_access": null, "opening_hours": null, "phone": null, "name:ta": null, "network": null, "operator": null, "railway": null, "ref": null, "wikidata": null, "brand": null, "branch": null, "addr:city": "Karur", "government": "government", "office": "government", "website": "https://karur.nic.in/about-district/administrative-setup/revenue-administration/", "train": null, "addr:housenumber": null, "contact:mobile": null, "payment:cash": null, "payment:credit_cards": null, "payment:debit_cards": null, "check_date": null, "education": null, "grades": null, "alt_name": null, "name:ml": null, "platforms": null, "wikipedia": null, "building": null, "designation": null, "local_ref": null, "atm": null, "brand:wikidata": null, "brand:wikipedia": null, "operator:wikidata": null, "short_name": null, "brand:en": null, "currency:INR": null, "drive_through": null, "indoor": null, "note": null, "operator:en": null, "operator:wikipedia": null, "fixme": null, "cuisine": null, "diet:vegetarian": null, "smoking": null, "cash_in": null, "currency:Rs": null, "bench": null, "lit": null, "shelter": null, "payment:google_pay": null, "area": null, "layer": null, "check_date:opening_hours": null, "level": null, "bin": null }, "geometry": { "type": "Point", "coordinates": [ 78.420725, 10.9404332 ] } },
{ "type": "Feature", "properties": { "element": "node", "id": 6023875568, "shop": null, "addr:district": null, "addr:full": null, "addr:postcode": null, "addr:state": null, "addr:subdistrict": null, "amenity": null, "name": "Vangal", "source": null, "addr:block": null, "healthcare": null, "bus": null, "highway": null, "name:en": null, "public_transport": "halt", "addr:street": null, "contact:instagram": null, "email": null, "internet_access": "no", "opening_hours": null, "phone": null, "name:ta": null, "network": "IR", "operator": "SR", "railway": "halt", "ref": "VNGL", "wikidata": null, "brand": null, "branch": null, "addr:city": null, "government": null, "office": null, "website": null, "train": "yes", "addr:housenumber": null, "contact:mobile": null, "payment:cash": null, "payment:credit_cards": null, "payment:debit_cards": null, "check_date": null, "education": null, "grades": null, "alt_name": null, "name:ml": null, "platforms": null, "wikipedia": null, "building": null, "designation": null, "local_ref": null, "atm": null, "brand:wikidata": null, "brand:wikipedia": null, "operator:wikidata": null, "short_name": null, "brand:en": null, "currency:INR": null, "drive_through": null, "indoor": null, "note": null, "operator:en": null, "operator:wikipedia": null, "fixme": null, "cuisine": null, "diet:vegetarian": null, "smoking": null, "cash_in": null, "currency:Rs": null, "bench": null, "lit": null, "shelter": null, "payment:google_pay": null, "area": null, "layer": null, "check_date:opening_hours": null, "level": null, "bin": null }, "geometry": { "type": "Point", "coordinates": [ 78.1134022, 11.0418948 ] } },
{ "type": "Feature", "properties": { "element": "node", "id": 6024091297, "shop": null, "addr:district": null, "addr:full": null, "addr:postcode": null, "addr:state": null, "addr:subdistrict": null, "amenity": null, "name": "Noyal", "source": null, "addr:block": null, "healthcare": null, "bus": null, "highway": null, "name:en": null, "public_transport": "station", "addr:street": null, "contact:instagram": null, "email": null, "internet_access": "no", "opening_hours": null, "phone": null, "name:ta": null, "network": "IR", "operator": "SR", "railway": "station", "ref": "NOY", "wikidata": "Q63360962", "brand": null, "branch": null, "addr:city": null, "government": null, "office": null, "website": null, "train": "yes", "addr:housenumber": null, "contact:mobile": null, "payment:cash": null, "payment:credit_cards": null, "payment:debit_cards": null, "check_date": null, "education": null, "grades": null, "alt_name": null, "name:ml": null, "platforms": null, "wikipedia": null, "building": null, "designation": null, "local_ref": null, "atm": null, "brand:wikidata": null, "brand:wikipedia": null, "operator:wikidata": null, "short_name": null, "brand:en": null, "currency:INR": null, "drive_through": null, "indoor": null, "note": null, "operator:en": null, "operator:wikipedia": null, "fixme": null, "cuisine": null, "diet:vegetarian": null, "smoking": null, "cash_in": null, "currency:Rs": null, "bench": null, "lit": null, "shelter": null, "payment:google_pay": null, "area": null, "layer": null, "check_date:opening_hours": null, "level": null, "bin": null }, "geometry": { "type": "Point", "coordinates": [ 77.9309715, 11.0603651 ] } },
{ "type": "Feature", "properties": { "element": "node", "id": 6024112209, "shop": null, "addr:district": null, "addr:full": null, "addr:postcode": null, "addr:state": null, "addr:subdistrict": null, "amenity": null, "name": "Murthipalayam", "source": null, "addr:block": null, "healthcare": null, "bus": null, "highway": null, "name:en": null, "public_transport": "station", "addr:street": null, "contact:instagram": null, "email": null, "internet_access": "no", "opening_hours": null, "phone": null, "name:ta": "மூர்த்திபாளையம்", "network": "IR", "operator": "SR", "railway": "station", "ref": "MPLM", "wikidata": "Q63358131", "brand": null, "branch": null, "addr:city": null, "government": null, "office": null, "website": null, "train": "yes", "addr:housenumber": null, "contact:mobile": null, "payment:cash": null, "payment:credit_cards": null, "payment:debit_cards": null, "check_date": null, "education": null, "grades": null, "alt_name": null, "name:ml": null, "platforms": null, "wikipedia": null, "building": null, "designation": null, "local_ref": null, "atm": null, "brand:wikidata": null, "brand:wikipedia": null, "operator:wikidata": null, "short_name": null, "brand:en": null, "currency:INR": null, "drive_through": null, "indoor": null, "note": null, "operator:en": null, "operator:wikipedia": null, "fixme": null, "cuisine": null, "diet:vegetarian": null, "smoking": null, "cash_in": null, "currency:Rs": null, "bench": null, "lit": null, "shelter": null, "payment:google_pay": null, "area": null, "layer": null, "check_date:opening_hours": null, "level": null, "bin": null }, "geometry": { "type": "Point", "coordinates": [ 78.0226297, 11.0214102 ] } },
{ "type": "Feature", "properties": { "element": "node", "id": 6024193345, "shop": null, "addr:district": null, "addr:full": null, "addr:postcode": null, "addr:state": null, "addr:subdistrict": null, "amenity": null, "name": "Virarakkiyam", "source": null, "addr:block": null, "healthcare": null, "bus": null, "highway": null, "name:en": null, "public_transport": "station", "addr:street": null, "contact:instagram": null, "email": null, "internet_access": "no", "opening_hours": null, "phone": null, "name:ta": "வீரராக்கியம்", "network": "IR", "operator": "SR", "railway": "station", "ref": "VRQ", "wikidata": "Q63357272", "brand": null, "branch": null, "addr:city": null, "government": null, "office": null, "website": null, "train": "yes", "addr:housenumber": null, "contact:mobile": null, "payment:cash": null, "payment:credit_cards": null, "payment:debit_cards": null, "check_date": null, "education": null, "grades": null, "alt_name": null, "name:ml": null, "platforms": null, "wikipedia": null, "building": null, "designation": null, "local_ref": null, "atm": null, "brand:wikidata": null, "brand:wikipedia": null, "operator:wikidata": null, "short_name": null, "brand:en": null, "currency:INR": null, "drive_through": null, "indoor": null, "note": null, "operator:en": null, "operator:wikipedia": null, "fixme": null, "cuisine": null, "diet:vegetarian": null, "smoking": null, "cash_in": null, "currency:Rs": null, "bench": null, "lit": null, "shelter": null, "payment:google_pay": null, "area": null, "layer": null, "check_date:opening_hours": null, "level": null, "bin": null }, "geometry": { "type": "Point", "coordinates": [ 78.1661261, 10.9389074 ] } },
{ "type": "Feature", "properties": { "element": "node", "id": 6025339763, "shop": null, "addr:district": null, "addr:full": null, "addr:postcode": null, "addr:state": null, "addr:subdistrict": null, "amenity": null, "name": "Sithalavai", "source": null, "addr:block": null, "healthcare": null, "bus": null, "highway": null, "name:en": null, "public_transport": "station", "addr:street": null, "contact:instagram": null, "email": null, "internet_access": "no", "opening_hours": null, "phone": null, "name:ta": "சிதளவை", "network": "IR", "operator": "SR", "railway": "station", "ref": "SEV", "wikidata": "Q63357052", "brand": null, "branch": null, "addr:city": null, "government": null, "office": null, "website": null, "train": "yes", "addr:housenumber": null, "contact:mobile": null, "payment:cash": null, "payment:credit_cards": null, "payment:debit_cards": null, "check_date": null, "education": null, "grades": null, "alt_name": null, "name:ml": null, "platforms": null, "wikipedia": null, "building": null, "designation": null, "local_ref": null, "atm": null, "brand:wikidata": null, "brand:wikipedia": null, "operator:wikidata": null, "short_name": null, "brand:en": null, "currency:INR": null, "drive_through": null, "indoor": null, "note": null, "operator:en": null, "operator:wikipedia": null, "fixme": null, "cuisine": null, "diet:vegetarian": null, "smoking": null, "cash_in": null, "currency:Rs": null, "bench": null, "lit": null, "shelter": null, "payment:google_pay": null, "area": null, "layer": null, "check_date:opening_hours": null, "level": null, "bin": null }, "geometry": { "type": "Point", "coordinates": [ 78.2740515, 10.9582792 ] } },
{ "type": "Feature", "properties": { "element": "node", "id": 6025348098, "shop": null, "addr:district": null, "addr:full": null, "addr:postcode": null, "addr:state": null, "addr:subdistrict": null, "amenity": null, "name": "Mahadanapuram", "source": null, "addr:block": null, "healthcare": null, "bus": null, "highway": null, "name:en": null, "public_transport": "station", "addr:street": null, "contact:instagram": null, "email": null, "internet_access": "no", "opening_hours": null, "phone": null, "name:ta": "மகாதானபுரம்", "network": "IR", "operator": "SR", "railway": "station", "ref": "MMH", "wikidata": "Q63369412", "brand": null, "branch": null, "addr:city": null, "government": null, "office": null, "website": null, "train": "yes", "addr:housenumber": null, "contact:mobile": null, "payment:cash": null, "payment:credit_cards": null, "payment:debit_cards": null, "check_date": null, "education": null, "grades": null, "alt_name": null, "name:ml": null, "platforms": null, "wikipedia": null, "building": null, "designation": null, "local_ref": null, "atm": null, "brand:wikidata": null, "brand:wikipedia": null, "operator:wikidata": null, "short_name": null, "brand:en": null, "currency:INR": null, "drive_through": null, "indoor": null, "note": null, "operator:en": null, "operator:wikipedia": null, "fixme": null, "cuisine": null, "diet:vegetarian": null, "smoking": null, "cash_in": null, "currency:Rs": null, "bench": null, "lit": null, "shelter": null, "payment:google_pay": null, "area": null, "layer": null, "check_date:opening_hours": null, "level": null, "bin": null }, "geometry": { "type": "Point", "coordinates": [ 78.2995421, 10.9535779 ] } },
{ "type": "Feature", "properties": { "element": "node", "id": 6025355809, "shop": null, "addr:district": null, "addr:full": null, "addr:postcode": null, "addr:state": null, "addr:subdistrict": null, "amenity": null, "name": "Lalapet", "source": null, "addr:block": null, "healthcare": null, "bus": null, "highway": null, "name:en": null, "public_transport": "station", "addr:street": null, "contact:instagram": null, "email": null, "internet_access": "no", "opening_hours": null, "phone": null, "name:ta": null, "network": "IR", "operator": "SR", "railway": "station", "ref": "LP", "wikidata": "Q63357487", "brand": null, "branch": null, "addr:city": null, "government": null, "office": null, "website": null, "train": "yes", "addr:housenumber": null, "contact:mobile": null, "payment:cash": null, "payment:credit_cards": null, "payment:debit_cards": null, "check_date": null, "education": null, "grades": null, "alt_name": null, "name:ml": null, "platforms": null, "wikipedia": null, "building": null, "designation": null, "local_ref": null, "atm": null, "brand:wikidata": null, "brand:wikipedia": null, "operator:wikidata": null, "short_name": null, "brand:en": null, "currency:INR": null, "drive_through": null, "indoor": null, "note": null, "operator:en": null, "operator:wikipedia": null, "fixme": null, "cuisine": null, "diet:vegetarian": null, "smoking": null, "cash_in": null, "currency:Rs": null, "bench": null, "lit": null, "shelter": null, "payment:google_pay": null, "area": null, "layer": null, "check_date:opening_hours": null, "level": null, "bin": null }, "geometry": { "type": "Point", "coordinates": [ 78.3397983, 10.9514935 ] } },
{ "type": "Feature", "properties": { "element": "node", "id": 6025360785, "shop": null, "addr:district": null, "addr:full": null, "addr:postcode": null, "addr:state": null, "addr:subdistrict": null, "amenity": null, "name": "Timmachipuram", "source": null, "addr:block": null, "healthcare": null, "bus": null, "highway": null, "name:en": null, "public_transport": "station", "addr:street": null, "contact:instagram": null, "email": null, "internet_access": "no", "opening_hours": null, "phone": null, "name:ta": null, "network": "IR", "operator": "SR", "railway": "station", "ref": "TIC", "wikidata": "Q63360811", "brand": null, "branch": null, "addr:city": null, "government": null, "office": null, "website": null, "train": "yes", "addr:housenumber": null, "contact:mobile": null, "payment:cash": null, "payment:credit_cards": null, "payment:debit_cards": null, "check_date": null, "education": null, "grades": null, "alt_name": null, "name:ml": null, "platforms": null, "wikipedia": null, "building": null, "designation": null, "local_ref": null, "atm": null, "brand:wikidata": null, "brand:wikipedia": null, "operator:wikidata": null, "short_name": null, "brand:en": null, "currency:INR": null, "drive_through": null, "indoor": null, "note": null, "operator:en": null, "operator:wikipedia": null, "fixme": null, "cuisine": null, "diet:vegetarian": null, "smoking": null, "cash_in": null, "currency:Rs": null, "bench": null, "lit": null, "shelter": null, "payment:google_pay": null, "area": null, "layer": null, "check_date:opening_hours": null, "level": null, "bin": null }, "geometry": { "type": "Point", "coordinates": [ 78.3725168, 10.9526627 ] } },
{ "type": "Feature", "properties": { "element": "node", "id": 6026322372, "shop": null, "addr:district": null, "addr:full": null, "addr:postcode": null, "addr:state": null, "addr:subdistrict": null, "amenity": null, "name": "Marudur", "source": null, "addr:block": null, "healthcare": null, "bus": null, "highway": null, "name:en": null, "public_transport": "halt", "addr:street": null, "contact:instagram": null, "email": null, "internet_access": "no", "opening_hours": null, "phone": null, "name:ta": null, "network": "IR", "operator": "SR", "railway": "halt", "ref": "MUQ", "wikidata": null, "brand": null, "branch": null, "addr:city": null, "government": null, "office": null, "website": null, "train": "yes", "addr:housenumber": null, "contact:mobile": null, "payment:cash": null, "payment:credit_cards": null, "payment:debit_cards": null, "check_date": null, "education": null, "grades": null, "alt_name": null, "name:ml": null, "platforms": null, "wikipedia": null, "building": null, "designation": null, "local_ref": null, "atm": null, "brand:wikidata": null, "brand:wikipedia": null, "operator:wikidata": null, "short_name": null, "brand:en": null, "currency:INR": null, "drive_through": null, "indoor": null, "note": null, "operator:en": null, "operator:wikipedia": null, "fixme": null, "cuisine": null, "diet:vegetarian": null, "smoking": null, "cash_in": null, "currency:Rs": null, "bench": null, "lit": null, "shelter": null, "payment:google_pay": null, "area": null, "layer": null, "check_date:opening_hours": null, "level": null, "bin": null }, "geometry": { "type": "Point", "coordinates": [ 78.4508795, 10.9151378 ] } },
{ "type": "Feature", "properties": { "element": "node", "id": 6026414389, "shop": null, "addr:district": null, "addr:full": null, "addr:postcode": null, "addr:state": null, "addr:subdistrict": null, "amenity": null, "name": "Velliyanai", "source": null, "addr:block": null, "healthcare": null, "bus": null, "highway": null, "name:en": null, "public_transport": "station", "addr:street": null, "contact:instagram": null, "email": null, "internet_access": "no", "opening_hours": null, "phone": null, "name:ta": null, "network": "IR", "operator": "SR", "railway": "station", "ref": "VEI", "wikidata": "Q55637029", "brand": null, "branch": null, "addr:city": null, "government": null, "office": null, "website": null, "train": "yes", "addr:housenumber": null, "contact:mobile": null, "payment:cash": null, "payment:credit_cards": null, "payment:debit_cards": null, "check_date": null, "education": null, "grades": null, "alt_name": null, "name:ml": null, "platforms": null, "wikipedia": null, "building": null, "designation": null, "local_ref": null, "atm": null, "brand:wikidata": null, "brand:wikipedia": null, "operator:wikidata": null, "short_name": null, "brand:en": null, "currency:INR": null, "drive_through": null, "indoor": null, "note": null, "operator:en": null, "operator:wikipedia": null, "fixme": null, "cuisine": null, "diet:vegetarian": null, "smoking": null, "cash_in": null, "currency:Rs": null, "bench": null, "lit": null, "shelter": null, "payment:google_pay": null, "area": null, "layer": null, "check_date:opening_hours": null, "level": null, "bin": null }, "geometry": { "type": "Point", "coordinates": [ 78.1155029, 10.8404433 ] } },
{ "type": "Feature", "properties": { "element": "node", "id": 6168510455, "shop": null, "addr:district": null, "addr:full": null, "addr:postcode": null, "addr:state": null, "addr:subdistrict": null, "amenity": "atm", "name": null, "source": null, "addr:block": null, "healthcare": null, "bus": null, "highway": null, "name:en": null, "public_transport": null, "addr:street": null, "contact:instagram": null, "email": null, "internet_access": null, "opening_hours": null, "phone": null, "name:ta": null, "network": null, "operator": "Axis Bank", "railway": null, "ref": null, "wikidata": null, "brand": null, "branch": null, "addr:city": null, "government": null, "office": null, "website": null, "train": null, "addr:housenumber": null, "contact:mobile": null, "payment:cash": null, "payment:credit_cards": null, "payment:debit_cards": null, "check_date": null, "education": null, "grades": null, "alt_name": null, "name:ml": null, "platforms": null, "wikipedia": null, "building": null, "designation": null, "local_ref": null, "atm": null, "brand:wikidata": null, "brand:wikipedia": null, "operator:wikidata": null, "short_name": null, "brand:en": null, "currency:INR": null, "drive_through": "yes", "indoor": null, "note": null, "operator:en": null, "operator:wikipedia": null, "fixme": null, "cuisine": null, "diet:vegetarian": null, "smoking": null, "cash_in": "yes", "currency:Rs": "yes", "bench": null, "lit": null, "shelter": null, "payment:google_pay": null, "area": null, "layer": null, "check_date:opening_hours": null, "level": null, "bin": null }, "geometry": { "type": "Point", "coordinates": [ 78.0492557, 11.0533613 ] } },
{ "type": "Feature", "properties": { "element": "node", "id": 6367812238, "shop": null, "addr:district": null, "addr:full": null, "addr:postcode": null, "addr:state": null, "addr:subdistrict": null, "amenity": null, "name": null, "source": null, "addr:block": null, "healthcare": null, "bus": "yes", "highway": "bus_stop", "name:en": "Thirumanilayur", "public_transport": "platform", "addr:street": null, "contact:instagram": null, "email": null, "internet_access": null, "opening_hours": null, "phone": null, "name:ta": null, "network": null, "operator": null, "railway": null, "ref": null, "wikidata": null, "brand": null, "branch": null, "addr:city": null, "government": null, "office": null, "website": null, "train": null, "addr:housenumber": null, "contact:mobile": null, "payment:cash": null, "payment:credit_cards": null, "payment:debit_cards": null, "check_date": null, "education": null, "grades": null, "alt_name": null, "name:ml": null, "platforms": null, "wikipedia": null, "building": null, "designation": null, "local_ref": null, "atm": null, "brand:wikidata": null, "brand:wikipedia": null, "operator:wikidata": null, "short_name": null, "brand:en": null, "currency:INR": null, "drive_through": null, "indoor": null, "note": null, "operator:en": null, "operator:wikipedia": null, "fixme": null, "cuisine": null, "diet:vegetarian": null, "smoking": null, "cash_in": null, "currency:Rs": null, "bench": null, "lit": null, "shelter": null, "payment:google_pay": null, "area": null, "layer": null, "check_date:opening_hours": null, "level": null, "bin": null }, "geometry": { "type": "Point", "coordinates": [ 78.0828029, 10.9501187 ] } },
{ "type": "Feature", "properties": { "element": "node", "id": 6367812239, "shop": null, "addr:district": null, "addr:full": null, "addr:postcode": null, "addr:state": null, "addr:subdistrict": null, "amenity": null, "name": null, "source": null, "addr:block": null, "healthcare": null, "bus": "yes", "highway": "bus_stop", "name:en": "Sunga Gate", "public_transport": "platform", "addr:street": null, "contact:instagram": null, "email": null, "internet_access": null, "opening_hours": null, "phone": null, "name:ta": null, "network": null, "operator": null, "railway": null, "ref": null, "wikidata": null, "brand": null, "branch": null, "addr:city": null, "government": null, "office": null, "website": null, "train": null, "addr:housenumber": null, "contact:mobile": null, "payment:cash": null, "payment:credit_cards": null, "payment:debit_cards": null, "check_date": null, "education": null, "grades": null, "alt_name": null, "name:ml": null, "platforms": null, "wikipedia": null, "building": null, "designation": null, "local_ref": null, "atm": null, "brand:wikidata": null, "brand:wikipedia": null, "operator:wikidata": null, "short_name": null, "brand:en": null, "currency:INR": null, "drive_through": null, "indoor": null, "note": null, "operator:en": null, "operator:wikipedia": null, "fixme": null, "cuisine": null, "diet:vegetarian": null, "smoking": null, "cash_in": null, "currency:Rs": null, "bench": null, "lit": null, "shelter": null, "payment:google_pay": null, "area": null, "layer": null, "check_date:opening_hours": null, "level": null, "bin": null }, "geometry": { "type": "Point", "coordinates": [ 78.0884772, 10.950499 ] } },
{ "type": "Feature", "properties": { "element": "node", "id": 6367890802, "shop": null, "addr:district": null, "addr:full": null, "addr:postcode": null, "addr:state": null, "addr:subdistrict": null, "amenity": null, "name": null, "source": null, "addr:block": null, "healthcare": null, "bus": null, "highway": null, "name:en": "PWD Office", "public_transport": null, "addr:street": null, "contact:instagram": null, "email": null, "internet_access": null, "opening_hours": null, "phone": null, "name:ta": null, "network": null, "operator": null, "railway": null, "ref": null, "wikidata": null, "brand": null, "branch": null, "addr:city": null, "government": null, "office": "ngo", "website": null, "train": null, "addr:housenumber": null, "contact:mobile": null, "payment:cash": null, "payment:credit_cards": null, "payment:debit_cards": null, "check_date": null, "education": null, "grades": null, "alt_name": null, "name:ml": null, "platforms": null, "wikipedia": null, "building": null, "designation": null, "local_ref": null, "atm": null, "brand:wikidata": null, "brand:wikipedia": null, "operator:wikidata": null, "short_name": null, "brand:en": null, "currency:INR": null, "drive_through": null, "indoor": null, "note": null, "operator:en": null, "operator:wikipedia": null, "fixme": null, "cuisine": null, "diet:vegetarian": null, "smoking": null, "cash_in": null, "currency:Rs": null, "bench": null, "lit": null, "shelter": null, "payment:google_pay": null, "area": null, "layer": null, "check_date:opening_hours": null, "level": null, "bin": null }, "geometry": { "type": "Point", "coordinates": [ 78.0806211, 10.9615853 ] } },
{ "type": "Feature", "properties": { "element": "node", "id": 6367890803, "shop": null, "addr:district": null, "addr:full": null, "addr:postcode": null, "addr:state": null, "addr:subdistrict": null, "amenity": null, "name": null, "source": null, "addr:block": null, "healthcare": null, "bus": "yes", "highway": "bus_stop", "name:en": "Therasa Nagar", "public_transport": "platform", "addr:street": null, "contact:instagram": null, "email": null, "internet_access": null, "opening_hours": null, "phone": null, "name:ta": null, "network": null, "operator": null, "railway": null, "ref": null, "wikidata": null, "brand": null, "branch": null, "addr:city": null, "government": null, "office": null, "website": null, "train": null, "addr:housenumber": null, "contact:mobile": null, "payment:cash": null, "payment:credit_cards": null, "payment:debit_cards": null, "check_date": null, "education": null, "grades": null, "alt_name": null, "name:ml": null, "platforms": null, "wikipedia": null, "building": null, "designation": null, "local_ref": null, "atm": null, "brand:wikidata": null, "brand:wikipedia": null, "operator:wikidata": null, "short_name": null, "brand:en": null, "currency:INR": null, "drive_through": null, "indoor": null, "note": null, "operator:en": null, "operator:wikipedia": null, "fixme": null, "cuisine": null, "diet:vegetarian": null, "smoking": null, "cash_in": null, "currency:Rs": null, "bench": null, "lit": null, "shelter": null, "payment:google_pay": null, "area": null, "layer": null, "check_date:opening_hours": null, "level": null, "bin": null }, "geometry": { "type": "Point", "coordinates": [ 78.0930336, 10.950357 ] } },
{ "type": "Feature", "properties": { "element": "node", "id": 6367890913, "shop": null, "addr:district": null, "addr:full": null, "addr:postcode": null, "addr:state": null, "addr:subdistrict": null, "amenity": "hospital", "name": null, "source": null, "addr:block": null, "healthcare": "hospital", "bus": null, "highway": null, "name:en": "Govt Hospital", "public_transport": null, "addr:street": null, "contact:instagram": null, "email": null, "internet_access": null, "opening_hours": null, "phone": null, "name:ta": null, "network": null, "operator": null, "railway": null, "ref": null, "wikidata": null, "brand": null, "branch": null, "addr:city": null, "government": null, "office": null, "website": null, "train": null, "addr:housenumber": null, "contact:mobile": null, "payment:cash": null, "payment:credit_cards": null, "payment:debit_cards": null, "check_date": null, "education": null, "grades": null, "alt_name": null, "name:ml": null, "platforms": null, "wikipedia": null, "building": null, "designation": null, "local_ref": null, "atm": null, "brand:wikidata": null, "brand:wikipedia": null, "operator:wikidata": null, "short_name": null, "brand:en": null, "currency:INR": null, "drive_through": null, "indoor": null, "note": null, "operator:en": null, "operator:wikipedia": null, "fixme": null, "cuisine": null, "diet:vegetarian": null, "smoking": null, "cash_in": null, "currency:Rs": null, "bench": null, "lit": null, "shelter": null, "payment:google_pay": null, "area": null, "layer": null, "check_date:opening_hours": null, "level": null, "bin": null }, "geometry": { "type": "Point", "coordinates": [ 78.0804871, 10.9622725 ] } },
{ "type": "Feature", "properties": { "element": "node", "id": 6914768070, "shop": null, "addr:district": "Karur", "addr:full": "# 26, Ramanujam Nagar, Kovai Road", "addr:postcode": "639002", "addr:state": "Tamil Nadu", "addr:subdistrict": null, "amenity": "hospital", "name": "Amaravathi Hospital", "source": "OpenGovernmentData", "addr:block": null, "healthcare": "hospital", "bus": null, "highway": null, "name:en": null, "public_transport": null, "addr:street": null, "contact:instagram": null, "email": null, "internet_access": null, "opening_hours": null, "phone": null, "name:ta": null, "network": null, "operator": null, "railway": null, "ref": null, "wikidata": null, "brand": null, "branch": null, "addr:city": null, "government": null, "office": null, "website": null, "train": null, "addr:housenumber": null, "contact:mobile": null, "payment:cash": null, "payment:credit_cards": null, "payment:debit_cards": null, "check_date": null, "education": null, "grades": null, "alt_name": null, "name:ml": null, "platforms": null, "wikipedia": null, "building": null, "designation": null, "local_ref": null, "atm": null, "brand:wikidata": null, "brand:wikipedia": null, "operator:wikidata": null, "short_name": null, "brand:en": null, "currency:INR": null, "drive_through": null, "indoor": null, "note": null, "operator:en": null, "operator:wikipedia": null, "fixme": null, "cuisine": null, "diet:vegetarian": null, "smoking": null, "cash_in": null, "currency:Rs": null, "bench": null, "lit": null, "shelter": null, "payment:google_pay": null, "area": null, "layer": null, "check_date:opening_hours": null, "level": null, "bin": null }, "geometry": { "type": "Point", "coordinates": [ 78.0684534, 10.9602192 ] } },
{ "type": "Feature", "properties": { "element": "node", "id": 6915179967, "shop": null, "addr:district": "Karur", "addr:full": "80, Feet Road,Sengunthapuram", "addr:postcode": "639002", "addr:state": "Tamil Nadu", "addr:subdistrict": null, "amenity": "hospital", "name": "S.G. Hospital", "source": "OpenGovernmentData", "addr:block": null, "healthcare": "hospital", "bus": null, "highway": null, "name:en": null, "public_transport": null, "addr:street": null, "contact:instagram": null, "email": null, "internet_access": null, "opening_hours": null, "phone": null, "name:ta": null, "network": null, "operator": null, "railway": null, "ref": null, "wikidata": null, "brand": null, "branch": null, "addr:city": null, "government": null, "office": null, "website": null, "train": null, "addr:housenumber": null, "contact:mobile": null, "payment:cash": null, "payment:credit_cards": null, "payment:debit_cards": null, "check_date": null, "education": null, "grades": null, "alt_name": null, "name:ml": null, "platforms": null, "wikipedia": null, "building": null, "designation": null, "local_ref": null, "atm": null, "brand:wikidata": null, "brand:wikipedia": null, "operator:wikidata": null, "short_name": null, "brand:en": null, "currency:INR": null, "drive_through": null, "indoor": null, "note": null, "operator:en": null, "operator:wikipedia": null, "fixme": null, "cuisine": null, "diet:vegetarian": null, "smoking": null, "cash_in": null, "currency:Rs": null, "bench": null, "lit": null, "shelter": null, "payment:google_pay": null, "area": null, "layer": null, "check_date:opening_hours": null, "level": null, "bin": null }, "geometry": { "type": "Point", "coordinates": [ 78.0715124, 10.9610605 ] } },
{ "type": "Feature", "properties": { "element": "node", "id": 6915453268, "shop": null, "addr:district": "Karur", "addr:full": "No. 99, Old Bye Pass Road", "addr:postcode": "639001", "addr:state": "Tamil Nadu", "addr:subdistrict": null, "amenity": "hospital", "name": "K G Hospital, Karur", "source": "OpenGovernmentData", "addr:block": null, "healthcare": "hospital", "bus": null, "highway": null, "name:en": null, "public_transport": null, "addr:street": null, "contact:instagram": null, "email": null, "internet_access": null, "opening_hours": null, "phone": null, "name:ta": null, "network": null, "operator": null, "railway": null, "ref": null, "wikidata": null, "brand": null, "branch": null, "addr:city": null, "government": null, "office": null, "website": null, "train": null, "addr:housenumber": null, "contact:mobile": null, "payment:cash": null, "payment:credit_cards": null, "payment:debit_cards": null, "check_date": null, "education": null, "grades": null, "alt_name": null, "name:ml": null, "platforms": null, "wikipedia": null, "building": null, "designation": null, "local_ref": null, "atm": null, "brand:wikidata": null, "brand:wikipedia": null, "operator:wikidata": null, "short_name": null, "brand:en": null, "currency:INR": null, "drive_through": null, "indoor": null, "note": null, "operator:en": null, "operator:wikipedia": null, "fixme": null, "cuisine": null, "diet:vegetarian": null, "smoking": null, "cash_in": null, "currency:Rs": null, "bench": null, "lit": null, "shelter": null, "payment:google_pay": null, "area": null, "layer": null, "check_date:opening_hours": null, "level": null, "bin": null }, "geometry": { "type": "Point", "coordinates": [ 78.0771773, 10.9555161 ] } },
{ "type": "Feature", "properties": { "element": "node", "id": 6916125397, "shop": null, "addr:district": "Karur", "addr:full": "No. 121, Kovai Road, Vaiyaburi Nagar Bus Stop,Opposite To Hotel Badma", "addr:postcode": "639002", "addr:state": "Tamil Nadu", "addr:subdistrict": null, "amenity": "hospital", "name": "Vasan Eye Care Hospital, Karur", "source": "OpenGovernmentData", "addr:block": null, "healthcare": "hospital", "bus": null, "highway": null, "name:en": null, "public_transport": null, "addr:street": null, "contact:instagram": null, "email": null, "internet_access": null, "opening_hours": null, "phone": null, "name:ta": null, "network": null, "operator": null, "railway": null, "ref": null, "wikidata": null, "brand": null, "branch": null, "addr:city": null, "government": null, "office": null, "website": null, "train": null, "addr:housenumber": null, "contact:mobile": null, "payment:cash": null, "payment:credit_cards": null, "payment:debit_cards": null, "check_date": null, "education": null, "grades": null, "alt_name": null, "name:ml": null, "platforms": null, "wikipedia": null, "building": null, "designation": null, "local_ref": null, "atm": null, "brand:wikidata": null, "brand:wikipedia": null, "operator:wikidata": null, "short_name": null, "brand:en": null, "currency:INR": null, "drive_through": null, "indoor": null, "note": null, "operator:en": null, "operator:wikipedia": null, "fixme": null, "cuisine": null, "diet:vegetarian": null, "smoking": null, "cash_in": null, "currency:Rs": null, "bench": null, "lit": null, "shelter": null, "payment:google_pay": null, "area": null, "layer": null, "check_date:opening_hours": null, "level": null, "bin": null }, "geometry": { "type": "Point", "coordinates": [ 78.0665959, 10.9608117 ] } },
{ "type": "Feature", "properties": { "element": "node", "id": 6926437461, "shop": null, "addr:district": "Karur", "addr:full": "# 78, Ramanujam Nagar,Kovai Road", "addr:postcode": "639002", "addr:state": "Tamil Nadu", "addr:subdistrict": null, "amenity": "hospital", "name": "Gugan Hospital", "source": "OpenGovernmentData", "addr:block": null, "healthcare": "hospital", "bus": null, "highway": null, "name:en": null, "public_transport": null, "addr:street": null, "contact:instagram": null, "email": null, "internet_access": null, "opening_hours": null, "phone": null, "name:ta": null, "network": null, "operator": null, "railway": null, "ref": null, "wikidata": null, "brand": null, "branch": null, "addr:city": null, "government": null, "office": null, "website": null, "train": null, "addr:housenumber": null, "contact:mobile": null, "payment:cash": null, "payment:credit_cards": null, "payment:debit_cards": null, "check_date": null, "education": null, "grades": null, "alt_name": null, "name:ml": null, "platforms": null, "wikipedia": null, "building": null, "designation": null, "local_ref": null, "atm": null, "brand:wikidata": null, "brand:wikipedia": null, "operator:wikidata": null, "short_name": null, "brand:en": null, "currency:INR": null, "drive_through": null, "indoor": null, "note": null, "operator:en": null, "operator:wikipedia": null, "fixme": null, "cuisine": null, "diet:vegetarian": null, "smoking": null, "cash_in": null, "currency:Rs": null, "bench": null, "lit": null, "shelter": null, "payment:google_pay": null, "area": null, "layer": null, "check_date:opening_hours": null, "level": null, "bin": null }, "geometry": { "type": "Point", "coordinates": [ 78.0691481, 10.9601178 ] } },
{ "type": "Feature", "properties": { "element": "node", "id": 6932163751, "shop": null, "addr:district": "Karur", "addr:full": "98/3/1/1000J, Near Bus Stand, West Of Peris Plaza, Covai Road", "addr:postcode": "639002", "addr:state": "Tamil Nadu", "addr:subdistrict": null, "amenity": "hospital", "name": "Velan Eye Hospital, Karur", "source": "OpenGovernmentData", "addr:block": null, "healthcare": "hospital", "bus": null, "highway": null, "name:en": null, "public_transport": null, "addr:street": null, "contact:instagram": null, "email": null, "internet_access": null, "opening_hours": null, "phone": null, "name:ta": null, "network": null, "operator": null, "railway": null, "ref": null, "wikidata": null, "brand": null, "branch": null, "addr:city": null, "government": null, "office": null, "website": null, "train": null, "addr:housenumber": null, "contact:mobile": null, "payment:cash": null, "payment:credit_cards": null, "payment:debit_cards": null, "check_date": null, "education": null, "grades": null, "alt_name": null, "name:ml": null, "platforms": null, "wikipedia": null, "building": null, "designation": null, "local_ref": null, "atm": null, "brand:wikidata": null, "brand:wikipedia": null, "operator:wikidata": null, "short_name": null, "brand:en": null, "currency:INR": null, "drive_through": null, "indoor": null, "note": null, "operator:en": null, "operator:wikipedia": null, "fixme": null, "cuisine": null, "diet:vegetarian": null, "smoking": null, "cash_in": null, "currency:Rs": null, "bench": null, "lit": null, "shelter": null, "payment:google_pay": null, "area": null, "layer": null, "check_date:opening_hours": null, "level": null, "bin": null }, "geometry": { "type": "Point", "coordinates": [ 78.0739935, 10.958975 ] } },
{ "type": "Feature", "properties": { "element": "node", "id": 6933869947, "shop": null, "addr:district": "Karur", "addr:full": "33, Muthu Nagar, Thinappa Theatre North Side", "addr:postcode": "639001", "addr:state": "Tamil Nadu", "addr:subdistrict": null, "amenity": "hospital", "name": "Deepa Kannan Hospital", "source": "OpenGovernmentData", "addr:block": null, "healthcare": "hospital", "bus": null, "highway": null, "name:en": null, "public_transport": null, "addr:street": null, "contact:instagram": null, "email": null, "internet_access": null, "opening_hours": null, "phone": null, "name:ta": null, "network": null, "operator": null, "railway": null, "ref": null, "wikidata": null, "brand": null, "branch": null, "addr:city": null, "government": null, "office": null, "website": null, "train": null, "addr:housenumber": null, "contact:mobile": null, "payment:cash": null, "payment:credit_cards": null, "payment:debit_cards": null, "check_date": null, "education": null, "grades": null, "alt_name": null, "name:ml": null, "platforms": null, "wikipedia": null, "building": null, "designation": null, "local_ref": null, "atm": null, "brand:wikidata": null, "brand:wikipedia": null, "operator:wikidata": null, "short_name": null, "brand:en": null, "currency:INR": null, "drive_through": null, "indoor": null, "note": null, "operator:en": null, "operator:wikipedia": null, "fixme": null, "cuisine": null, "diet:vegetarian": null, "smoking": null, "cash_in": null, "currency:Rs": null, "bench": null, "lit": null, "shelter": null, "payment:google_pay": null, "area": null, "layer": null, "check_date:opening_hours": null, "level": null, "bin": null }, "geometry": { "type": "Point", "coordinates": [ 78.0752125, 10.9632435 ] } },
{ "type": "Feature", "properties": { "element": "node", "id": 6933992421, "shop": null, "addr:district": "Karur", "addr:full": "78, New Street", "addr:postcode": "639001", "addr:state": "Tamil Nadu", "addr:subdistrict": null, "amenity": "hospital", "name": "S. K. Hospital, Karur", "source": "OpenGovernmentData", "addr:block": null, "healthcare": "hospital", "bus": null, "highway": null, "name:en": null, "public_transport": null, "addr:street": null, "contact:instagram": null, "email": null, "internet_access": null, "opening_hours": null, "phone": null, "name:ta": null, "network": null, "operator": null, "railway": null, "ref": null, "wikidata": null, "brand": null, "branch": null, "addr:city": null, "government": null, "office": null, "website": null, "train": null, "addr:housenumber": null, "contact:mobile": null, "payment:cash": null, "payment:credit_cards": null, "payment:debit_cards": null, "check_date": null, "education": null, "grades": null, "alt_name": null, "name:ml": null, "platforms": null, "wikipedia": null, "building": null, "designation": null, "local_ref": null, "atm": null, "brand:wikidata": null, "brand:wikipedia": null, "operator:wikidata": null, "short_name": null, "brand:en": null, "currency:INR": null, "drive_through": null, "indoor": null, "note": null, "operator:en": null, "operator:wikipedia": null, "fixme": null, "cuisine": null, "diet:vegetarian": null, "smoking": null, "cash_in": null, "currency:Rs": null, "bench": null, "lit": null, "shelter": null, "payment:google_pay": null, "area": null, "layer": null, "check_date:opening_hours": null, "level": null, "bin": null }, "geometry": { "type": "Point", "coordinates": [ 78.0840692, 10.9621165 ] } },
{ "type": "Feature", "properties": { "element": "node", "id": 6934422528, "shop": null, "addr:district": "Karur", "addr:full": "Kadambar Kovil, Vaigai Nallur Agraharam, Elementry School Street", "addr:postcode": "639104", "addr:state": "Tamil Nadu", "addr:subdistrict": "Kulithalai", "amenity": "hospital", "name": "T M R Hospital", "source": "OpenGovernmentData", "addr:block": "Kulithalai Mpty", "healthcare": "hospital", "bus": null, "highway": null, "name:en": null, "public_transport": null, "addr:street": null, "contact:instagram": null, "email": null, "internet_access": null, "opening_hours": null, "phone": null, "name:ta": null, "network": null, "operator": null, "railway": null, "ref": null, "wikidata": null, "brand": null, "branch": null, "addr:city": null, "government": null, "office": null, "website": null, "train": null, "addr:housenumber": null, "contact:mobile": null, "payment:cash": null, "payment:credit_cards": null, "payment:debit_cards": null, "check_date": null, "education": null, "grades": null, "alt_name": null, "name:ml": null, "platforms": null, "wikipedia": null, "building": null, "designation": null, "local_ref": null, "atm": null, "brand:wikidata": null, "brand:wikipedia": null, "operator:wikidata": null, "short_name": null, "brand:en": null, "currency:INR": null, "drive_through": null, "indoor": null, "note": null, "operator:en": null, "operator:wikipedia": null, "fixme": null, "cuisine": null, "diet:vegetarian": null, "smoking": null, "cash_in": null, "currency:Rs": null, "bench": null, "lit": null, "shelter": null, "payment:google_pay": null, "area": null, "layer": null, "check_date:opening_hours": null, "level": null, "bin": null }, "geometry": { "type": "Point", "coordinates": [ 78.4158242, 10.9429825 ] } },
{ "type": "Feature", "properties": { "element": "node", "id": 6936684382, "shop": null, "addr:district": "Karur", "addr:full": "16, Sengunthapram Main Road, Madavilagam, Karur", "addr:postcode": "639002", "addr:state": "Tamil Nadu", "addr:subdistrict": null, "amenity": "hospital", "name": "Aarthy Eye Hospital", "source": "OpenGovernmentData", "addr:block": null, "healthcare": "hospital", "bus": null, "highway": null, "name:en": null, "public_transport": null, "addr:street": null, "contact:instagram": null, "email": null, "internet_access": null, "opening_hours": null, "phone": null, "name:ta": null, "network": null, "operator": null, "railway": null, "ref": null, "wikidata": null, "brand": null, "branch": null, "addr:city": null, "government": null, "office": null, "website": null, "train": null, "addr:housenumber": null, "contact:mobile": null, "payment:cash": null, "payment:credit_cards": null, "payment:debit_cards": null, "check_date": null, "education": null, "grades": null, "alt_name": null, "name:ml": null, "platforms": null, "wikipedia": null, "building": null, "designation": null, "local_ref": null, "atm": null, "brand:wikidata": null, "brand:wikipedia": null, "operator:wikidata": null, "short_name": null, "brand:en": null, "currency:INR": null, "drive_through": null, "indoor": null, "note": null, "operator:en": null, "operator:wikipedia": null, "fixme": null, "cuisine": null, "diet:vegetarian": null, "smoking": null, "cash_in": null, "currency:Rs": null, "bench": null, "lit": null, "shelter": null, "payment:google_pay": null, "area": null, "layer": null, "check_date:opening_hours": null, "level": null, "bin": null }, "geometry": { "type": "Point", "coordinates": [ 78.0741034, 10.9607775 ] } },
{ "type": "Feature", "properties": { "element": "node", "id": 6937315257, "shop": null, "addr:district": "Karur", "addr:full": "#5,80 Feet Road,Opposite Kvr Complex,Kavi Road", "addr:postcode": "639002", "addr:state": "Tamil Nadu", "addr:subdistrict": null, "amenity": "hospital", "name": "Abishek Ortho Center", "source": "OpenGovernmentData", "addr:block": null, "healthcare": "hospital", "bus": null, "highway": null, "name:en": null, "public_transport": null, "addr:street": null, "contact:instagram": null, "email": null, "internet_access": null, "opening_hours": null, "phone": null, "name:ta": null, "network": null, "operator": null, "railway": null, "ref": null, "wikidata": null, "brand": null, "branch": null, "addr:city": null, "government": null, "office": null, "website": null, "train": null, "addr:housenumber": null, "contact:mobile": null, "payment:cash": null, "payment:credit_cards": null, "payment:debit_cards": null, "check_date": null, "education": null, "grades": null, "alt_name": null, "name:ml": null, "platforms": null, "wikipedia": null, "building": null, "designation": null, "local_ref": null, "atm": null, "brand:wikidata": null, "brand:wikipedia": null, "operator:wikidata": null, "short_name": null, "brand:en": null, "currency:INR": null, "drive_through": null, "indoor": null, "note": null, "operator:en": null, "operator:wikipedia": null, "fixme": null, "cuisine": null, "diet:vegetarian": null, "smoking": null, "cash_in": null, "currency:Rs": null, "bench": null, "lit": null, "shelter": null, "payment:google_pay": null, "area": null, "layer": null, "check_date:opening_hours": null, "level": null, "bin": null }, "geometry": { "type": "Point", "coordinates": [ 78.0600715, 10.9628788 ] } },
{ "type": "Feature", "properties": { "element": "node", "id": 7144670283, "shop": "computer", "addr:district": null, "addr:full": null, "addr:postcode": "639104", "addr:state": null, "addr:subdistrict": null, "amenity": null, "name": "GK SYSTEMS", "source": null, "addr:block": null, "healthcare": null, "bus": null, "highway": null, "name:en": null, "public_transport": null, "addr:street": "Vysyal Street", "contact:instagram": null, "email": null, "internet_access": null, "opening_hours": "24/7", "phone": null, "name:ta": null, "network": null, "operator": null, "railway": null, "ref": null, "wikidata": null, "brand": null, "branch": null, "addr:city": "Kulithalai", "government": null, "office": null, "website": "http://gksystems.net", "train": null, "addr:housenumber": "46", "contact:mobile": "+919489789555", "payment:cash": "yes", "payment:credit_cards": "yes", "payment:debit_cards": "yes", "check_date": null, "education": null, "grades": null, "alt_name": null, "name:ml": null, "platforms": null, "wikipedia": null, "building": null, "designation": null, "local_ref": null, "atm": null, "brand:wikidata": null, "brand:wikipedia": null, "operator:wikidata": null, "short_name": null, "brand:en": null, "currency:INR": null, "drive_through": null, "indoor": null, "note": null, "operator:en": null, "operator:wikipedia": null, "fixme": null, "cuisine": null, "diet:vegetarian": null, "smoking": null, "cash_in": null, "currency:Rs": null, "bench": null, "lit": null, "shelter": null, "payment:google_pay": null, "area": null, "layer": null, "check_date:opening_hours": null, "level": null, "bin": null }, "geometry": { "type": "Point", "coordinates": [ 78.4265176, 10.934983 ] } },
{ "type": "Feature", "properties": { "element": "node", "id": 7252225706, "shop": null, "addr:district": "Karur", "addr:full": "Mylampatty", "addr:postcode": "621301", "addr:state": "Tamil Nadu", "addr:subdistrict": "Kadavur", "amenity": "hospital", "name": "Mylampatty Government Hospital", "source": "OpenGovernmentData", "addr:block": null, "healthcare": null, "bus": null, "highway": null, "name:en": null, "public_transport": null, "addr:street": null, "contact:instagram": null, "email": null, "internet_access": null, "opening_hours": null, "phone": null, "name:ta": null, "network": null, "operator": null, "railway": null, "ref": null, "wikidata": null, "brand": null, "branch": null, "addr:city": null, "government": null, "office": null, "website": null, "train": null, "addr:housenumber": null, "contact:mobile": null, "payment:cash": null, "payment:credit_cards": null, "payment:debit_cards": null, "check_date": null, "education": null, "grades": null, "alt_name": null, "name:ml": null, "platforms": null, "wikipedia": null, "building": null, "designation": null, "local_ref": null, "atm": null, "brand:wikidata": null, "brand:wikipedia": null, "operator:wikidata": null, "short_name": null, "brand:en": null, "currency:INR": null, "drive_through": null, "indoor": null, "note": null, "operator:en": null, "operator:wikipedia": null, "fixme": null, "cuisine": null, "diet:vegetarian": null, "smoking": null, "cash_in": null, "currency:Rs": null, "bench": null, "lit": null, "shelter": null, "payment:google_pay": null, "area": null, "layer": null, "check_date:opening_hours": null, "level": null, "bin": null }, "geometry": { "type": "Point", "coordinates": [ 78.2459642, 10.7320815 ] } },
{ "type": "Feature", "properties": { "element": "node", "id": 7252225780, "shop": null, "addr:district": "Karur", "addr:full": "Kadavur", "addr:postcode": "621311", "addr:state": "Tamil Nadu", "addr:subdistrict": "Kadavur", "amenity": "hospital", "name": "Government Hospital Kadavur", "source": "OpenGovernmentData", "addr:block": null, "healthcare": null, "bus": null, "highway": null, "name:en": null, "public_transport": null, "addr:street": null, "contact:instagram": null, "email": null, "internet_access": null, "opening_hours": null, "phone": null, "name:ta": null, "network": null, "operator": null, "railway": null, "ref": null, "wikidata": null, "brand": null, "branch": null, "addr:city": null, "government": null, "office": null, "website": null, "train": null, "addr:housenumber": null, "contact:mobile": null, "payment:cash": null, "payment:credit_cards": null, "payment:debit_cards": null, "check_date": null, "education": null, "grades": null, "alt_name": null, "name:ml": null, "platforms": null, "wikipedia": null, "building": null, "designation": null, "local_ref": null, "atm": null, "brand:wikidata": null, "brand:wikipedia": null, "operator:wikidata": null, "short_name": null, "brand:en": null, "currency:INR": null, "drive_through": null, "indoor": null, "note": null, "operator:en": null, "operator:wikipedia": null, "fixme": null, "cuisine": null, "diet:vegetarian": null, "smoking": null, "cash_in": null, "currency:Rs": null, "bench": null, "lit": null, "shelter": null, "payment:google_pay": null, "area": null, "layer": null, "check_date:opening_hours": null, "level": null, "bin": null }, "geometry": { "type": "Point", "coordinates": [ 78.1758745, 10.5945331 ] } },
{ "type": "Feature", "properties": { "element": "node", "id": 7252225784, "shop": null, "addr:district": "Karur", "addr:full": "Near Dsp Office, Aravakurichi", "addr:postcode": "639201", "addr:state": "Tamil Nadu", "addr:subdistrict": "Aravakurichi", "amenity": "hospital", "name": "Government Hospital, Aravakurtchi", "source": "OpenGovernmentData", "addr:block": null, "healthcare": "hospital", "bus": null, "highway": null, "name:en": null, "public_transport": null, "addr:street": null, "contact:instagram": null, "email": null, "internet_access": null, "opening_hours": null, "phone": null, "name:ta": null, "network": null, "operator": null, "railway": null, "ref": null, "wikidata": null, "brand": null, "branch": null, "addr:city": null, "government": null, "office": null, "website": null, "train": null, "addr:housenumber": null, "contact:mobile": null, "payment:cash": null, "payment:credit_cards": null, "payment:debit_cards": null, "check_date": null, "education": null, "grades": null, "alt_name": null, "name:ml": null, "platforms": null, "wikipedia": null, "building": null, "designation": null, "local_ref": null, "atm": null, "brand:wikidata": null, "brand:wikipedia": null, "operator:wikidata": null, "short_name": null, "brand:en": null, "currency:INR": null, "drive_through": null, "indoor": null, "note": null, "operator:en": null, "operator:wikipedia": null, "fixme": null, "cuisine": null, "diet:vegetarian": null, "smoking": null, "cash_in": null, "currency:Rs": null, "bench": null, "lit": null, "shelter": null, "payment:google_pay": null, "area": null, "layer": null, "check_date:opening_hours": null, "level": null, "bin": null }, "geometry": { "type": "Point", "coordinates": [ 77.909648, 10.77208 ] } },
{ "type": "Feature", "properties": { "element": "node", "id": 7252225797, "shop": null, "addr:district": "Karur", "addr:full": "Government Hospital, Pallapatti, Near Busstand", "addr:postcode": "639205", "addr:state": "Tamil Nadu", "addr:subdistrict": "Aravakurichi", "amenity": "hospital", "name": "Pallapatti Government Hospital", "source": "OpenGovernmentData", "addr:block": null, "healthcare": null, "bus": null, "highway": null, "name:en": null, "public_transport": null, "addr:street": null, "contact:instagram": null, "email": null, "internet_access": null, "opening_hours": null, "phone": null, "name:ta": null, "network": null, "operator": null, "railway": null, "ref": null, "wikidata": null, "brand": null, "branch": null, "addr:city": null, "government": null, "office": null, "website": null, "train": null, "addr:housenumber": null, "contact:mobile": null, "payment:cash": null, "payment:credit_cards": null, "payment:debit_cards": null, "check_date": null, "education": null, "grades": null, "alt_name": null, "name:ml": null, "platforms": null, "wikipedia": null, "building": null, "designation": null, "local_ref": null, "atm": null, "brand:wikidata": null, "brand:wikipedia": null, "operator:wikidata": null, "short_name": null, "brand:en": null, "currency:INR": null, "drive_through": null, "indoor": null, "note": null, "operator:en": null, "operator:wikipedia": null, "fixme": null, "cuisine": null, "diet:vegetarian": null, "smoking": null, "cash_in": null, "currency:Rs": null, "bench": null, "lit": null, "shelter": null, "payment:google_pay": null, "area": null, "layer": null, "check_date:opening_hours": null, "level": null, "bin": null }, "geometry": { "type": "Point", "coordinates": [ 77.891681, 10.72384 ] } },
{ "type": "Feature", "properties": { "element": "node", "id": 7252225826, "shop": null, "addr:district": "Karur", "addr:full": "Near Busstand, Thogamalai, Main Road", "addr:postcode": "621313", "addr:state": "Tamil Nadu", "addr:subdistrict": "Kulithalai", "amenity": "hospital", "name": "Thogamalai,Government Hospital", "source": "OpenGovernmentData", "addr:block": "Thogaimalai", "healthcare": "hospital", "bus": null, "highway": null, "name:en": null, "public_transport": null, "addr:street": null, "contact:instagram": null, "email": null, "internet_access": null, "opening_hours": null, "phone": null, "name:ta": null, "network": null, "operator": null, "railway": null, "ref": null, "wikidata": null, "brand": null, "branch": null, "addr:city": null, "government": null, "office": null, "website": null, "train": null, "addr:housenumber": null, "contact:mobile": null, "payment:cash": null, "payment:credit_cards": null, "payment:debit_cards": null, "check_date": null, "education": null, "grades": null, "alt_name": null, "name:ml": null, "platforms": null, "wikipedia": null, "building": null, "designation": null, "local_ref": null, "atm": null, "brand:wikidata": null, "brand:wikipedia": null, "operator:wikidata": null, "short_name": null, "brand:en": null, "currency:INR": null, "drive_through": null, "indoor": null, "note": null, "operator:en": null, "operator:wikipedia": null, "fixme": null, "cuisine": null, "diet:vegetarian": null, "smoking": null, "cash_in": null, "currency:Rs": null, "bench": null, "lit": null, "shelter": null, "payment:google_pay": null, "area": null, "layer": null, "check_date:opening_hours": null, "level": null, "bin": null }, "geometry": { "type": "Point", "coordinates": [ 78.4097304, 10.7268532 ] } },
{ "type": "Feature", "properties": { "element": "node", "id": 7257155954, "shop": null, "addr:district": "Karur", "addr:full": "Government Hospital, Manmangalam, Karur Salem Bye Pass Road", "addr:postcode": "639006", "addr:state": "Tamil Nadu", "addr:subdistrict": null, "amenity": "hospital", "name": "Government Hospital, Manmangalam", "source": "OpenGovernmentData", "addr:block": "Karur Mpty", "healthcare": null, "bus": null, "highway": null, "name:en": null, "public_transport": null, "addr:street": null, "contact:instagram": null, "email": null, "internet_access": null, "opening_hours": null, "phone": null, "name:ta": null, "network": null, "operator": null, "railway": null, "ref": null, "wikidata": null, "brand": null, "branch": null, "addr:city": null, "government": null, "office": null, "website": null, "train": null, "addr:housenumber": null, "contact:mobile": null, "payment:cash": null, "payment:credit_cards": null, "payment:debit_cards": null, "check_date": null, "education": null, "grades": null, "alt_name": null, "name:ml": null, "platforms": null, "wikipedia": null, "building": null, "designation": null, "local_ref": null, "atm": null, "brand:wikidata": null, "brand:wikipedia": null, "operator:wikidata": null, "short_name": null, "brand:en": null, "currency:INR": null, "drive_through": null, "indoor": null, "note": null, "operator:en": null, "operator:wikipedia": null, "fixme": null, "cuisine": null, "diet:vegetarian": null, "smoking": null, "cash_in": null, "currency:Rs": null, "bench": null, "lit": null, "shelter": null, "payment:google_pay": null, "area": null, "layer": null, "check_date:opening_hours": null, "level": null, "bin": null }, "geometry": { "type": "Point", "coordinates": [ 78.0646437, 11.0275504 ] } },
{ "type": "Feature", "properties": { "element": "node", "id": 7257156041, "shop": null, "addr:district": "Karur", "addr:full": "Government Hospital, Velayuthampalayam, Tnpl Road", "addr:postcode": "639117", "addr:state": "Tamil Nadu", "addr:subdistrict": null, "amenity": "hospital", "name": "Government Hospital, Velauthapalayam", "source": "OpenGovernmentData", "addr:block": "Karur Mpty", "healthcare": null, "bus": null, "highway": null, "name:en": null, "public_transport": null, "addr:street": null, "contact:instagram": null, "email": null, "internet_access": null, "opening_hours": null, "phone": null, "name:ta": null, "network": null, "operator": null, "railway": null, "ref": null, "wikidata": null, "brand": null, "branch": null, "addr:city": null, "government": null, "office": null, "website": null, "train": null, "addr:housenumber": null, "contact:mobile": null, "payment:cash": null, "payment:credit_cards": null, "payment:debit_cards": null, "check_date": null, "education": null, "grades": null, "alt_name": null, "name:ml": null, "platforms": null, "wikipedia": null, "building": null, "designation": null, "local_ref": null, "atm": null, "brand:wikidata": null, "brand:wikipedia": null, "operator:wikidata": null, "short_name": null, "brand:en": null, "currency:INR": null, "drive_through": null, "indoor": null, "note": null, "operator:en": null, "operator:wikipedia": null, "fixme": null, "cuisine": null, "diet:vegetarian": null, "smoking": null, "cash_in": null, "currency:Rs": null, "bench": null, "lit": null, "shelter": null, "payment:google_pay": null, "area": null, "layer": null, "check_date:opening_hours": null, "level": null, "bin": null }, "geometry": { "type": "Point", "coordinates": [ 78.0023123, 11.0729521 ] } },
{ "type": "Feature", "properties": { "element": "node", "id": 7257166747, "shop": null, "addr:district": "Karur", "addr:full": "Panjapatti", "addr:postcode": "639119", "addr:state": "Tamil Nadu", "addr:subdistrict": "Krishnarayapuram", "amenity": "hospital", "name": "Panjapatti Government Hospital", "source": "OpenGovernmentData", "addr:block": null, "healthcare": null, "bus": null, "highway": null, "name:en": null, "public_transport": null, "addr:street": null, "contact:instagram": null, "email": null, "internet_access": null, "opening_hours": null, "phone": null, "name:ta": null, "network": null, "operator": null, "railway": null, "ref": null, "wikidata": null, "brand": null, "branch": null, "addr:city": null, "government": null, "office": null, "website": null, "train": null, "addr:housenumber": null, "contact:mobile": null, "payment:cash": null, "payment:credit_cards": null, "payment:debit_cards": null, "check_date": null, "education": null, "grades": null, "alt_name": null, "name:ml": null, "platforms": null, "wikipedia": null, "building": null, "designation": null, "local_ref": null, "atm": null, "brand:wikidata": null, "brand:wikipedia": null, "operator:wikidata": null, "short_name": null, "brand:en": null, "currency:INR": null, "drive_through": null, "indoor": null, "note": null, "operator:en": null, "operator:wikipedia": null, "fixme": null, "cuisine": null, "diet:vegetarian": null, "smoking": null, "cash_in": null, "currency:Rs": null, "bench": null, "lit": null, "shelter": null, "payment:google_pay": null, "area": null, "layer": null, "check_date:opening_hours": null, "level": null, "bin": null }, "geometry": { "type": "Point", "coordinates": [ 78.310053, 10.83121 ] } },
{ "type": "Feature", "properties": { "element": "node", "id": 7257166770, "shop": null, "addr:district": "Karur", "addr:full": "Government Hospital, Kovakulam, Krishnarayapuram, Kovakulam Road", "addr:postcode": "639102", "addr:state": "Tamil Nadu", "addr:subdistrict": "Krishnarayapuram", "amenity": "hospital", "name": "Government Hospital, Krishnarayapuram", "source": "OpenGovernmentData", "addr:block": null, "healthcare": null, "bus": null, "highway": null, "name:en": null, "public_transport": null, "addr:street": null, "contact:instagram": null, "email": null, "internet_access": null, "opening_hours": null, "phone": null, "name:ta": null, "network": null, "operator": null, "railway": null, "ref": null, "wikidata": null, "brand": null, "branch": null, "addr:city": null, "government": null, "office": null, "website": null, "train": null, "addr:housenumber": null, "contact:mobile": null, "payment:cash": null, "payment:credit_cards": null, "payment:debit_cards": null, "check_date": null, "education": null, "grades": null, "alt_name": null, "name:ml": null, "platforms": null, "wikipedia": null, "building": null, "designation": null, "local_ref": null, "atm": null, "brand:wikidata": null, "brand:wikipedia": null, "operator:wikidata": null, "short_name": null, "brand:en": null, "currency:INR": null, "drive_through": null, "indoor": null, "note": null, "operator:en": null, "operator:wikipedia": null, "fixme": null, "cuisine": null, "diet:vegetarian": null, "smoking": null, "cash_in": null, "currency:Rs": null, "bench": null, "lit": null, "shelter": null, "payment:google_pay": null, "area": null, "layer": null, "check_date:opening_hours": null, "level": null, "bin": null }, "geometry": { "type": "Point", "coordinates": [ 78.2739118, 10.9318884 ] } },
{ "type": "Feature", "properties": { "element": "node", "id": 7257166777, "shop": null, "addr:district": "Karur", "addr:full": "Chinnadarapuram, Aravakurichy, Selve Nagar", "addr:postcode": "639202", "addr:state": "Tamil Nadu", "addr:subdistrict": "Aravakurichi", "amenity": "hospital", "name": "Prakash Hospital", "source": "OpenGovernmentData", "addr:block": null, "healthcare": "hospital", "bus": null, "highway": null, "name:en": null, "public_transport": null, "addr:street": null, "contact:instagram": null, "email": null, "internet_access": null, "opening_hours": null, "phone": null, "name:ta": null, "network": null, "operator": null, "railway": null, "ref": null, "wikidata": null, "brand": null, "branch": null, "addr:city": null, "government": null, "office": null, "website": null, "train": null, "addr:housenumber": null, "contact:mobile": null, "payment:cash": null, "payment:credit_cards": null, "payment:debit_cards": null, "check_date": null, "education": null, "grades": null, "alt_name": null, "name:ml": null, "platforms": null, "wikipedia": null, "building": null, "designation": null, "local_ref": null, "atm": null, "brand:wikidata": null, "brand:wikipedia": null, "operator:wikidata": null, "short_name": null, "brand:en": null, "currency:INR": null, "drive_through": null, "indoor": null, "note": null, "operator:en": null, "operator:wikipedia": null, "fixme": null, "cuisine": null, "diet:vegetarian": null, "smoking": null, "cash_in": null, "currency:Rs": null, "bench": null, "lit": null, "shelter": null, "payment:google_pay": null, "area": null, "layer": null, "check_date:opening_hours": null, "level": null, "bin": null }, "geometry": { "type": "Point", "coordinates": [ 77.846321, 10.85157 ] } },
{ "type": "Feature", "properties": { "element": "node", "id": 7257166788, "shop": null, "addr:district": "Karur", "addr:full": "Viswanathapuri", "addr:postcode": "639002", "addr:state": "Tamil Nadu", "addr:subdistrict": "Aravakurichi", "amenity": "hospital", "name": "Viswanathapuri,Government Hospital", "source": "OpenGovernmentData", "addr:block": "K.Paramathy", "healthcare": null, "bus": null, "highway": null, "name:en": null, "public_transport": null, "addr:street": null, "contact:instagram": null, "email": null, "internet_access": null, "opening_hours": null, "phone": null, "name:ta": null, "network": null, "operator": null, "railway": null, "ref": null, "wikidata": null, "brand": null, "branch": null, "addr:city": null, "government": null, "office": null, "website": null, "train": null, "addr:housenumber": null, "contact:mobile": null, "payment:cash": null, "payment:credit_cards": null, "payment:debit_cards": null, "check_date": null, "education": null, "grades": null, "alt_name": null, "name:ml": null, "platforms": null, "wikipedia": null, "building": null, "designation": null, "local_ref": null, "atm": null, "brand:wikidata": null, "brand:wikipedia": null, "operator:wikidata": null, "short_name": null, "brand:en": null, "currency:INR": null, "drive_through": null, "indoor": null, "note": null, "operator:en": null, "operator:wikipedia": null, "fixme": null, "cuisine": null, "diet:vegetarian": null, "smoking": null, "cash_in": null, "currency:Rs": null, "bench": null, "lit": null, "shelter": null, "payment:google_pay": null, "area": null, "layer": null, "check_date:opening_hours": null, "level": null, "bin": null }, "geometry": { "type": "Point", "coordinates": [ 78.014372, 10.94979 ] } },
{ "type": "Feature", "properties": { "element": "node", "id": 7257166792, "shop": null, "addr:district": "Karur", "addr:full": "No. 161, B/5, Siva Sakthi Nagar, Gandhi Nagar, Thanthoni", "addr:postcode": "639005", "addr:state": "Tamil Nadu", "addr:subdistrict": null, "amenity": "hospital", "name": "ABS Hospital", "source": "OpenGovernmentData", "addr:block": "Thanthoni", "healthcare": null, "bus": null, "highway": null, "name:en": null, "public_transport": null, "addr:street": null, "contact:instagram": null, "email": null, "internet_access": null, "opening_hours": null, "phone": null, "name:ta": null, "network": null, "operator": null, "railway": null, "ref": null, "wikidata": null, "brand": null, "branch": null, "addr:city": null, "government": null, "office": null, "website": null, "train": null, "addr:housenumber": null, "contact:mobile": null, "payment:cash": null, "payment:credit_cards": null, "payment:debit_cards": null, "check_date": null, "education": null, "grades": null, "alt_name": null, "name:ml": null, "platforms": null, "wikipedia": null, "building": null, "designation": null, "local_ref": null, "atm": null, "brand:wikidata": null, "brand:wikipedia": null, "operator:wikidata": null, "short_name": null, "brand:en": null, "currency:INR": null, "drive_through": null, "indoor": null, "note": null, "operator:en": null, "operator:wikipedia": null, "fixme": null, "cuisine": null, "diet:vegetarian": null, "smoking": null, "cash_in": null, "currency:Rs": null, "bench": null, "lit": null, "shelter": null, "payment:google_pay": null, "area": null, "layer": null, "check_date:opening_hours": null, "level": null, "bin": null }, "geometry": { "type": "Point", "coordinates": [ 78.089194, 10.94315 ] } },
{ "type": "Feature", "properties": { "element": "node", "id": 7257166800, "shop": null, "addr:district": "Karur", "addr:full": "Thennilai - Chinna Dharapuram Road, Chinnadharapuram", "addr:postcode": "639202", "addr:state": "Tamil Nadu", "addr:subdistrict": "Aravakurichi", "amenity": "hospital", "name": "Government Hospital, Chinadarapuram", "source": "OpenGovernmentData", "addr:block": "K.Paramathy", "healthcare": null, "bus": null, "highway": null, "name:en": null, "public_transport": null, "addr:street": null, "contact:instagram": null, "email": null, "internet_access": null, "opening_hours": null, "phone": null, "name:ta": null, "network": null, "operator": null, "railway": null, "ref": null, "wikidata": null, "brand": null, "branch": null, "addr:city": null, "government": null, "office": null, "website": null, "train": null, "addr:housenumber": null, "contact:mobile": null, "payment:cash": null, "payment:credit_cards": null, "payment:debit_cards": null, "check_date": null, "education": null, "grades": null, "alt_name": null, "name:ml": null, "platforms": null, "wikipedia": null, "building": null, "designation": null, "local_ref": null, "atm": null, "brand:wikidata": null, "brand:wikipedia": null, "operator:wikidata": null, "short_name": null, "brand:en": null, "currency:INR": null, "drive_through": null, "indoor": null, "note": null, "operator:en": null, "operator:wikipedia": null, "fixme": null, "cuisine": null, "diet:vegetarian": null, "smoking": null, "cash_in": null, "currency:Rs": null, "bench": null, "lit": null, "shelter": null, "payment:google_pay": null, "area": null, "layer": null, "check_date:opening_hours": null, "level": null, "bin": null }, "geometry": { "type": "Point", "coordinates": [ 77.8485824, 10.8594445 ] } },
{ "type": "Feature", "properties": { "element": "node", "id": 7257166824, "shop": null, "addr:district": "Karur", "addr:full": "Anna Nagar, Thanthonimalai, 3rd Cross", "addr:postcode": "639004", "addr:state": "Tamil Nadu", "addr:subdistrict": null, "amenity": "hospital", "name": "S.S Hospital", "source": "OpenGovernmentData", "addr:block": "Thanthoni", "healthcare": null, "bus": null, "highway": null, "name:en": null, "public_transport": null, "addr:street": null, "contact:instagram": null, "email": null, "internet_access": null, "opening_hours": null, "phone": null, "name:ta": null, "network": null, "operator": null, "railway": null, "ref": null, "wikidata": null, "brand": null, "branch": null, "addr:city": null, "government": null, "office": null, "website": null, "train": null, "addr:housenumber": null, "contact:mobile": null, "payment:cash": null, "payment:credit_cards": null, "payment:debit_cards": null, "check_date": null, "education": null, "grades": null, "alt_name": null, "name:ml": null, "platforms": null, "wikipedia": null, "building": null, "designation": null, "local_ref": null, "atm": null, "brand:wikidata": null, "brand:wikipedia": null, "operator:wikidata": null, "short_name": null, "brand:en": null, "currency:INR": null, "drive_through": null, "indoor": null, "note": null, "operator:en": null, "operator:wikipedia": null, "fixme": null, "cuisine": null, "diet:vegetarian": null, "smoking": null, "cash_in": null, "currency:Rs": null, "bench": null, "lit": null, "shelter": null, "payment:google_pay": null, "area": null, "layer": null, "check_date:opening_hours": null, "level": null, "bin": null }, "geometry": { "type": "Point", "coordinates": [ 78.0900762, 10.9434493 ] } },
{ "type": "Feature", "properties": { "element": "node", "id": 7257166838, "shop": null, "addr:district": "Karur", "addr:full": "Kodangipatti", "addr:postcode": "639005", "addr:state": "Tamil Nadu", "addr:subdistrict": null, "amenity": "hospital", "name": "Government Hospital, Kodangipatti", "source": "OpenGovernmentData", "addr:block": "Thanthoni", "healthcare": null, "bus": null, "highway": null, "name:en": null, "public_transport": null, "addr:street": null, "contact:instagram": null, "email": null, "internet_access": null, "opening_hours": null, "phone": null, "name:ta": null, "network": null, "operator": null, "railway": null, "ref": null, "wikidata": null, "brand": null, "branch": null, "addr:city": null, "government": null, "office": null, "website": null, "train": null, "addr:housenumber": null, "contact:mobile": null, "payment:cash": null, "payment:credit_cards": null, "payment:debit_cards": null, "check_date": null, "education": null, "grades": null, "alt_name": null, "name:ml": null, "platforms": null, "wikipedia": null, "building": null, "designation": null, "local_ref": null, "atm": null, "brand:wikidata": null, "brand:wikipedia": null, "operator:wikidata": null, "short_name": null, "brand:en": null, "currency:INR": null, "drive_through": null, "indoor": null, "note": null, "operator:en": null, "operator:wikipedia": null, "fixme": null, "cuisine": null, "diet:vegetarian": null, "smoking": null, "cash_in": null, "currency:Rs": null, "bench": null, "lit": null, "shelter": null, "payment:google_pay": null, "area": null, "layer": null, "check_date:opening_hours": null, "level": null, "bin": null }, "geometry": { "type": "Point", "coordinates": [ 78.078034, 10.91425 ] } },
{ "type": "Feature", "properties": { "element": "node", "id": 7257183924, "shop": null, "addr:district": "Karur", "addr:full": "North Pradakshnam Road, Karur", "addr:postcode": "639001", "addr:state": "Tamil Nadu", "addr:subdistrict": null, "amenity": "hospital", "name": "G.C Hospital", "source": "OpenGovernmentData", "addr:block": "Karur Mpty", "healthcare": "hospital", "bus": null, "highway": null, "name:en": null, "public_transport": null, "addr:street": null, "contact:instagram": null, "email": null, "internet_access": null, "opening_hours": null, "phone": null, "name:ta": null, "network": null, "operator": null, "railway": null, "ref": null, "wikidata": null, "brand": null, "branch": null, "addr:city": null, "government": null, "office": null, "website": null, "train": null, "addr:housenumber": null, "contact:mobile": null, "payment:cash": null, "payment:credit_cards": null, "payment:debit_cards": null, "check_date": null, "education": null, "grades": null, "alt_name": null, "name:ml": null, "platforms": null, "wikipedia": null, "building": null, "designation": null, "local_ref": null, "atm": null, "brand:wikidata": null, "brand:wikipedia": null, "operator:wikidata": null, "short_name": null, "brand:en": null, "currency:INR": null, "drive_through": null, "indoor": null, "note": null, "operator:en": null, "operator:wikipedia": null, "fixme": null, "cuisine": null, "diet:vegetarian": null, "smoking": null, "cash_in": null, "currency:Rs": null, "bench": null, "lit": null, "shelter": null, "payment:google_pay": null, "area": null, "layer": null, "check_date:opening_hours": null, "level": null, "bin": null }, "geometry": { "type": "Point", "coordinates": [ 78.0776757, 10.96227 ] } },
{ "type": "Feature", "properties": { "element": "node", "id": 7257183939, "shop": null, "addr:district": "Karur", "addr:full": "Covai Road, Karur, Narasimapuram South", "addr:postcode": "639001", "addr:state": "Tamil Nadu", "addr:subdistrict": null, "amenity": "hospital", "name": "Abirami Maternity Centre", "source": "OpenGovernmentData", "addr:block": "Karur Mpty", "healthcare": "hospital", "bus": null, "highway": null, "name:en": null, "public_transport": null, "addr:street": null, "contact:instagram": null, "email": null, "internet_access": null, "opening_hours": null, "phone": null, "name:ta": null, "network": null, "operator": null, "railway": null, "ref": null, "wikidata": null, "brand": null, "branch": null, "addr:city": null, "government": null, "office": null, "website": null, "train": null, "addr:housenumber": null, "contact:mobile": null, "payment:cash": null, "payment:credit_cards": null, "payment:debit_cards": null, "check_date": null, "education": null, "grades": null, "alt_name": null, "name:ml": null, "platforms": null, "wikipedia": null, "building": null, "designation": null, "local_ref": null, "atm": null, "brand:wikidata": null, "brand:wikipedia": null, "operator:wikidata": null, "short_name": null, "brand:en": null, "currency:INR": null, "drive_through": null, "indoor": null, "note": null, "operator:en": null, "operator:wikipedia": null, "fixme": null, "cuisine": null, "diet:vegetarian": null, "smoking": null, "cash_in": null, "currency:Rs": null, "bench": null, "lit": null, "shelter": null, "payment:google_pay": null, "area": null, "layer": null, "check_date:opening_hours": null, "level": null, "bin": null }, "geometry": { "type": "Point", "coordinates": [ 78.0809939, 10.9559564 ] } },
{ "type": "Feature", "properties": { "element": "node", "id": 7257183949, "shop": null, "addr:district": "Karur", "addr:full": "Andankoil East, Kovai Main Rd, Ashok Nagar", "addr:postcode": "639002", "addr:state": "Tamil Nadu", "addr:subdistrict": "Kulithalai", "amenity": "hospital", "name": "Abishek Ortho Center, Karur", "source": "OpenGovernmentData", "addr:block": "Kulithalai Mpty", "healthcare": "hospital", "bus": null, "highway": null, "name:en": null, "public_transport": null, "addr:street": null, "contact:instagram": null, "email": null, "internet_access": null, "opening_hours": null, "phone": null, "name:ta": null, "network": null, "operator": null, "railway": null, "ref": null, "wikidata": null, "brand": null, "branch": null, "addr:city": null, "government": null, "office": null, "website": null, "train": null, "addr:housenumber": null, "contact:mobile": null, "payment:cash": null, "payment:credit_cards": null, "payment:debit_cards": null, "check_date": null, "education": null, "grades": null, "alt_name": null, "name:ml": null, "platforms": null, "wikipedia": null, "building": null, "designation": null, "local_ref": null, "atm": null, "brand:wikidata": null, "brand:wikipedia": null, "operator:wikidata": null, "short_name": null, "brand:en": null, "currency:INR": null, "drive_through": null, "indoor": null, "note": null, "operator:en": null, "operator:wikipedia": null, "fixme": null, "cuisine": null, "diet:vegetarian": null, "smoking": null, "cash_in": null, "currency:Rs": null, "bench": null, "lit": null, "shelter": null, "payment:google_pay": null, "area": null, "layer": null, "check_date:opening_hours": null, "level": null, "bin": null }, "geometry": { "type": "Point", "coordinates": [ 78.059568, 10.9624485 ] } },
{ "type": "Feature", "properties": { "element": "node", "id": 7257183952, "shop": null, "addr:district": "Karur", "addr:full": "N Pradhaksanam Road, Karur", "addr:postcode": "639001", "addr:state": "Tamil Nadu", "addr:subdistrict": null, "amenity": "hospital", "name": "Government Medical College Hospital, Karur", "source": "OpenGovernmentData", "addr:block": "Karur Mpty", "healthcare": "hospital", "bus": null, "highway": null, "name:en": null, "public_transport": null, "addr:street": null, "contact:instagram": null, "email": null, "internet_access": null, "opening_hours": null, "phone": null, "name:ta": null, "network": null, "operator": null, "railway": null, "ref": null, "wikidata": null, "brand": null, "branch": null, "addr:city": null, "government": null, "office": null, "website": null, "train": null, "addr:housenumber": null, "contact:mobile": null, "payment:cash": null, "payment:credit_cards": null, "payment:debit_cards": null, "check_date": null, "education": null, "grades": null, "alt_name": null, "name:ml": null, "platforms": null, "wikipedia": null, "building": null, "designation": null, "local_ref": null, "atm": null, "brand:wikidata": null, "brand:wikipedia": null, "operator:wikidata": null, "short_name": null, "brand:en": null, "currency:INR": null, "drive_through": null, "indoor": null, "note": null, "operator:en": null, "operator:wikipedia": null, "fixme": null, "cuisine": null, "diet:vegetarian": null, "smoking": null, "cash_in": null, "currency:Rs": null, "bench": null, "lit": null, "shelter": null, "payment:google_pay": null, "area": null, "layer": null, "check_date:opening_hours": null, "level": null, "bin": null }, "geometry": { "type": "Point", "coordinates": [ 78.080414, 10.9615927 ] } },
{ "type": "Feature", "properties": { "element": "node", "id": 7257183956, "shop": null, "addr:district": "Karur", "addr:full": "Kovai Main Rd, Bharathi Nagar, L G B Nagar", "addr:postcode": "639001", "addr:state": "Tamil Nadu", "addr:subdistrict": null, "amenity": "hospital", "name": "Apollo Hospital", "source": "OpenGovernmentData", "addr:block": "Karur Mpty", "healthcare": "hospital", "bus": null, "highway": null, "name:en": null, "public_transport": null, "addr:street": null, "contact:instagram": null, "email": null, "internet_access": null, "opening_hours": null, "phone": null, "name:ta": null, "network": null, "operator": null, "railway": null, "ref": null, "wikidata": null, "brand": null, "branch": null, "addr:city": null, "government": null, "office": null, "website": null, "train": null, "addr:housenumber": null, "contact:mobile": null, "payment:cash": null, "payment:credit_cards": null, "payment:debit_cards": null, "check_date": null, "education": null, "grades": null, "alt_name": null, "name:ml": null, "platforms": null, "wikipedia": null, "building": null, "designation": null, "local_ref": null, "atm": null, "brand:wikidata": null, "brand:wikipedia": null, "operator:wikidata": null, "short_name": null, "brand:en": null, "currency:INR": null, "drive_through": null, "indoor": null, "note": null, "operator:en": null, "operator:wikipedia": null, "fixme": null, "cuisine": null, "diet:vegetarian": null, "smoking": null, "cash_in": null, "currency:Rs": null, "bench": null, "lit": null, "shelter": null, "payment:google_pay": null, "area": null, "layer": null, "check_date:opening_hours": null, "level": null, "bin": null }, "geometry": { "type": "Point", "coordinates": [ 78.064468, 10.96044 ] } },
{ "type": "Feature", "properties": { "element": "node", "id": 7257183977, "shop": null, "addr:district": "Karur", "addr:full": "1/A, North Pradaksanam Road, Muthu Nagar, Karur", "addr:postcode": "639001", "addr:state": "Tamil Nadu", "addr:subdistrict": null, "amenity": "hospital", "name": "ERS Hospital", "source": "OpenGovernmentData", "addr:block": "Karur Mpty", "healthcare": "hospital", "bus": null, "highway": null, "name:en": null, "public_transport": null, "addr:street": null, "contact:instagram": null, "email": null, "internet_access": null, "opening_hours": null, "phone": null, "name:ta": null, "network": null, "operator": null, "railway": null, "ref": null, "wikidata": null, "brand": null, "branch": null, "addr:city": null, "government": null, "office": null, "website": null, "train": null, "addr:housenumber": null, "contact:mobile": null, "payment:cash": null, "payment:credit_cards": null, "payment:debit_cards": null, "check_date": null, "education": null, "grades": null, "alt_name": null, "name:ml": null, "platforms": null, "wikipedia": null, "building": null, "designation": null, "local_ref": null, "atm": null, "brand:wikidata": null, "brand:wikipedia": null, "operator:wikidata": null, "short_name": null, "brand:en": null, "currency:INR": null, "drive_through": null, "indoor": null, "note": null, "operator:en": null, "operator:wikipedia": null, "fixme": null, "cuisine": null, "diet:vegetarian": null, "smoking": null, "cash_in": null, "currency:Rs": null, "bench": null, "lit": null, "shelter": null, "payment:google_pay": null, "area": null, "layer": null, "check_date:opening_hours": null, "level": null, "bin": null }, "geometry": { "type": "Point", "coordinates": [ 78.0755593, 10.9632134 ] } },
{ "type": "Feature", "properties": { "element": "node", "id": 7257183986, "shop": null, "addr:district": "Karur", "addr:full": "Gowripuram W St, Gowripuram, Karur", "addr:postcode": "639002", "addr:state": "Tamil Nadu", "addr:subdistrict": null, "amenity": "hospital", "name": "Ammaiyappa Hospital", "source": "OpenGovernmentData", "addr:block": "Karur Mpty", "healthcare": "hospital", "bus": null, "highway": null, "name:en": null, "public_transport": null, "addr:street": null, "contact:instagram": null, "email": null, "internet_access": null, "opening_hours": null, "phone": null, "name:ta": null, "network": null, "operator": null, "railway": null, "ref": null, "wikidata": null, "brand": null, "branch": null, "addr:city": null, "government": null, "office": null, "website": null, "train": null, "addr:housenumber": null, "contact:mobile": null, "payment:cash": null, "payment:credit_cards": null, "payment:debit_cards": null, "check_date": null, "education": null, "grades": null, "alt_name": null, "name:ml": null, "platforms": null, "wikipedia": null, "building": null, "designation": null, "local_ref": null, "atm": null, "brand:wikidata": null, "brand:wikipedia": null, "operator:wikidata": null, "short_name": null, "brand:en": null, "currency:INR": null, "drive_through": null, "indoor": null, "note": null, "operator:en": null, "operator:wikipedia": null, "fixme": null, "cuisine": null, "diet:vegetarian": null, "smoking": null, "cash_in": null, "currency:Rs": null, "bench": null, "lit": null, "shelter": null, "payment:google_pay": null, "area": null, "layer": null, "check_date:opening_hours": null, "level": null, "bin": null }, "geometry": { "type": "Point", "coordinates": [ 78.072469, 10.95901 ] } },
{ "type": "Feature", "properties": { "element": "node", "id": 7257184023, "shop": null, "addr:district": "Karur", "addr:full": "Near St. Therasa's Church, Ramakrishnapuram, Radhakrishnan Road", "addr:postcode": "639001", "addr:state": "Tamil Nadu", "addr:subdistrict": null, "amenity": "hospital", "name": "Priyanka Hospital", "source": "OpenGovernmentData", "addr:block": "Karur Mpty", "healthcare": "hospital", "bus": null, "highway": null, "name:en": null, "public_transport": null, "addr:street": null, "contact:instagram": null, "email": null, "internet_access": null, "opening_hours": null, "phone": null, "name:ta": null, "network": null, "operator": null, "railway": null, "ref": null, "wikidata": null, "brand": null, "branch": null, "addr:city": null, "government": null, "office": null, "website": null, "train": null, "addr:housenumber": null, "contact:mobile": null, "payment:cash": null, "payment:credit_cards": null, "payment:debit_cards": null, "check_date": null, "education": null, "grades": null, "alt_name": null, "name:ml": null, "platforms": null, "wikipedia": null, "building": null, "designation": null, "local_ref": null, "atm": null, "brand:wikidata": null, "brand:wikipedia": null, "operator:wikidata": null, "short_name": null, "brand:en": null, "currency:INR": null, "drive_through": null, "indoor": null, "note": null, "operator:en": null, "operator:wikipedia": null, "fixme": null, "cuisine": null, "diet:vegetarian": null, "smoking": null, "cash_in": null, "currency:Rs": null, "bench": null, "lit": null, "shelter": null, "payment:google_pay": null, "area": null, "layer": null, "check_date:opening_hours": null, "level": null, "bin": null }, "geometry": { "type": "Point", "coordinates": [ 78.078259, 10.9633717 ] } },
{ "type": "Feature", "properties": { "element": "node", "id": 7257184030, "shop": null, "addr:district": "Karur", "addr:full": "Madavilagam, Karur", "addr:postcode": "639001", "addr:state": "Tamil Nadu", "addr:subdistrict": null, "amenity": "hospital", "name": "G.V Hospital", "source": "OpenGovernmentData", "addr:block": "Karur Mpty", "healthcare": "hospital", "bus": null, "highway": null, "name:en": null, "public_transport": null, "addr:street": null, "contact:instagram": null, "email": null, "internet_access": null, "opening_hours": null, "phone": null, "name:ta": null, "network": null, "operator": null, "railway": null, "ref": null, "wikidata": null, "brand": null, "branch": null, "addr:city": null, "government": null, "office": null, "website": null, "train": null, "addr:housenumber": null, "contact:mobile": null, "payment:cash": null, "payment:credit_cards": null, "payment:debit_cards": null, "check_date": null, "education": null, "grades": null, "alt_name": null, "name:ml": null, "platforms": null, "wikipedia": null, "building": null, "designation": null, "local_ref": null, "atm": null, "brand:wikidata": null, "brand:wikipedia": null, "operator:wikidata": null, "short_name": null, "brand:en": null, "currency:INR": null, "drive_through": null, "indoor": null, "note": null, "operator:en": null, "operator:wikipedia": null, "fixme": null, "cuisine": null, "diet:vegetarian": null, "smoking": null, "cash_in": null, "currency:Rs": null, "bench": null, "lit": null, "shelter": null, "payment:google_pay": null, "area": null, "layer": null, "check_date:opening_hours": null, "level": null, "bin": null }, "geometry": { "type": "Point", "coordinates": [ 78.0773831, 10.9607995 ] } },
{ "type": "Feature", "properties": { "element": "node", "id": 7846118079, "shop": null, "addr:district": "Karur", "addr:full": "Madavilagam", "addr:postcode": "639002", "addr:state": "Tamil Nadu", "addr:subdistrict": null, "amenity": "hospital", "name": "Karur Dental and Cosmetology Hospital", "source": "Local Knowledge", "addr:block": null, "healthcare": "hospital", "bus": null, "highway": null, "name:en": null, "public_transport": null, "addr:street": null, "contact:instagram": null, "email": null, "internet_access": null, "opening_hours": null, "phone": null, "name:ta": null, "network": null, "operator": null, "railway": null, "ref": null, "wikidata": null, "brand": null, "branch": null, "addr:city": null, "government": null, "office": null, "website": null, "train": null, "addr:housenumber": null, "contact:mobile": null, "payment:cash": null, "payment:credit_cards": null, "payment:debit_cards": null, "check_date": null, "education": null, "grades": null, "alt_name": null, "name:ml": null, "platforms": null, "wikipedia": null, "building": null, "designation": null, "local_ref": null, "atm": null, "brand:wikidata": null, "brand:wikipedia": null, "operator:wikidata": null, "short_name": null, "brand:en": null, "currency:INR": null, "drive_through": null, "indoor": null, "note": null, "operator:en": null, "operator:wikipedia": null, "fixme": null, "cuisine": null, "diet:vegetarian": null, "smoking": null, "cash_in": null, "currency:Rs": null, "bench": null, "lit": null, "shelter": null, "payment:google_pay": null, "area": null, "layer": null, "check_date:opening_hours": null, "level": null, "bin": null }, "geometry": { "type": "Point", "coordinates": [ 78.0752566, 10.9617053 ] } },
{ "type": "Feature", "properties": { "element": "node", "id": 7846118085, "shop": null, "addr:district": "Karur", "addr:full": "Madavilagam", "addr:postcode": "639002", "addr:state": "Tamil Nadu", "addr:subdistrict": null, "amenity": "hospital", "name": "Dr. Karunanidhi Baby Care Hospital", "source": "Local Knowledge", "addr:block": null, "healthcare": "hospital", "bus": null, "highway": null, "name:en": null, "public_transport": null, "addr:street": null, "contact:instagram": null, "email": null, "internet_access": null, "opening_hours": null, "phone": null, "name:ta": null, "network": null, "operator": null, "railway": null, "ref": null, "wikidata": null, "brand": null, "branch": null, "addr:city": null, "government": null, "office": null, "website": null, "train": null, "addr:housenumber": null, "contact:mobile": null, "payment:cash": null, "payment:credit_cards": null, "payment:debit_cards": null, "check_date": null, "education": null, "grades": null, "alt_name": null, "name:ml": null, "platforms": null, "wikipedia": null, "building": null, "designation": null, "local_ref": null, "atm": null, "brand:wikidata": null, "brand:wikipedia": null, "operator:wikidata": null, "short_name": null, "brand:en": null, "currency:INR": null, "drive_through": null, "indoor": null, "note": null, "operator:en": null, "operator:wikipedia": null, "fixme": null, "cuisine": null, "diet:vegetarian": null, "smoking": null, "cash_in": null, "currency:Rs": null, "bench": null, "lit": null, "shelter": null, "payment:google_pay": null, "area": null, "layer": null, "check_date:opening_hours": null, "level": null, "bin": null }, "geometry": { "type": "Point", "coordinates": [ 78.0741953, 10.962121 ] } },
{ "type": "Feature", "properties": { "element": "node", "id": 7846118088, "shop": null, "addr:district": "Karur", "addr:full": "Madavilagam", "addr:postcode": "639001", "addr:state": "Tamil Nadu", "addr:subdistrict": null, "amenity": "hospital", "name": "Navaladi Hospital", "source": "Local Knowledge", "addr:block": null, "healthcare": "hospital", "bus": null, "highway": null, "name:en": null, "public_transport": null, "addr:street": null, "contact:instagram": null, "email": null, "internet_access": null, "opening_hours": null, "phone": null, "name:ta": null, "network": null, "operator": null, "railway": null, "ref": null, "wikidata": null, "brand": null, "branch": null, "addr:city": null, "government": null, "office": null, "website": null, "train": null, "addr:housenumber": null, "contact:mobile": null, "payment:cash": null, "payment:credit_cards": null, "payment:debit_cards": null, "check_date": null, "education": null, "grades": null, "alt_name": null, "name:ml": null, "platforms": null, "wikipedia": null, "building": null, "designation": null, "local_ref": null, "atm": null, "brand:wikidata": null, "brand:wikipedia": null, "operator:wikidata": null, "short_name": null, "brand:en": null, "currency:INR": null, "drive_through": null, "indoor": null, "note": null, "operator:en": null, "operator:wikipedia": null, "fixme": null, "cuisine": null, "diet:vegetarian": null, "smoking": null, "cash_in": null, "currency:Rs": null, "bench": null, "lit": null, "shelter": null, "payment:google_pay": null, "area": null, "layer": null, "check_date:opening_hours": null, "level": null, "bin": null }, "geometry": { "type": "Point", "coordinates": [ 78.0762111, 10.9631494 ] } },
{ "type": "Feature", "properties": { "element": "node", "id": 7846118089, "shop": null, "addr:district": "Karur", "addr:full": "Vaiyapuri Nagar, Gandhi Puram", "addr:postcode": "639002", "addr:state": "Tamil Nadu", "addr:subdistrict": null, "amenity": "hospital", "name": "Murugesan Hospital", "source": "Local Knowledge", "addr:block": null, "healthcare": "hospital", "bus": null, "highway": null, "name:en": null, "public_transport": null, "addr:street": null, "contact:instagram": null, "email": null, "internet_access": null, "opening_hours": null, "phone": null, "name:ta": null, "network": null, "operator": null, "railway": null, "ref": null, "wikidata": null, "brand": null, "branch": null, "addr:city": null, "government": null, "office": null, "website": null, "train": null, "addr:housenumber": null, "contact:mobile": null, "payment:cash": null, "payment:credit_cards": null, "payment:debit_cards": null, "check_date": null, "education": null, "grades": null, "alt_name": null, "name:ml": null, "platforms": null, "wikipedia": null, "building": null, "designation": null, "local_ref": null, "atm": null, "brand:wikidata": null, "brand:wikipedia": null, "operator:wikidata": null, "short_name": null, "brand:en": null, "currency:INR": null, "drive_through": null, "indoor": null, "note": null, "operator:en": null, "operator:wikipedia": null, "fixme": null, "cuisine": null, "diet:vegetarian": null, "smoking": null, "cash_in": null, "currency:Rs": null, "bench": null, "lit": null, "shelter": null, "payment:google_pay": null, "area": null, "layer": null, "check_date:opening_hours": null, "level": null, "bin": null }, "geometry": { "type": "Point", "coordinates": [ 78.0643134, 10.9619995 ] } },
{ "type": "Feature", "properties": { "element": "node", "id": 7846118090, "shop": null, "addr:district": "Karur", "addr:full": null, "addr:postcode": "639001", "addr:state": "Tamil Nadu", "addr:subdistrict": null, "amenity": "hospital", "name": "Kabila Kannan Hospital", "source": "Local Knowledge", "addr:block": null, "healthcare": "hospital", "bus": null, "highway": null, "name:en": null, "public_transport": null, "addr:street": null, "contact:instagram": null, "email": null, "internet_access": null, "opening_hours": null, "phone": null, "name:ta": null, "network": null, "operator": null, "railway": null, "ref": null, "wikidata": null, "brand": null, "branch": null, "addr:city": null, "government": null, "office": null, "website": null, "train": null, "addr:housenumber": null, "contact:mobile": null, "payment:cash": null, "payment:credit_cards": null, "payment:debit_cards": null, "check_date": null, "education": null, "grades": null, "alt_name": null, "name:ml": null, "platforms": null, "wikipedia": null, "building": null, "designation": null, "local_ref": null, "atm": null, "brand:wikidata": null, "brand:wikipedia": null, "operator:wikidata": null, "short_name": null, "brand:en": null, "currency:INR": null, "drive_through": null, "indoor": null, "note": null, "operator:en": null, "operator:wikipedia": null, "fixme": null, "cuisine": null, "diet:vegetarian": null, "smoking": null, "cash_in": null, "currency:Rs": null, "bench": null, "lit": null, "shelter": null, "payment:google_pay": null, "area": null, "layer": null, "check_date:opening_hours": null, "level": null, "bin": null }, "geometry": { "type": "Point", "coordinates": [ 78.072534, 10.959361 ] } },
{ "type": "Feature", "properties": { "element": "node", "id": 7846118093, "shop": null, "addr:district": "Karur", "addr:full": "Thanthoni", "addr:postcode": "639007", "addr:state": "Tamil Nadu", "addr:subdistrict": null, "amenity": "hospital", "name": "Dr. Karthi Hospital", "source": "Local Knowledge", "addr:block": null, "healthcare": null, "bus": null, "highway": null, "name:en": null, "public_transport": null, "addr:street": null, "contact:instagram": null, "email": null, "internet_access": null, "opening_hours": null, "phone": null, "name:ta": null, "network": null, "operator": null, "railway": null, "ref": null, "wikidata": null, "brand": null, "branch": null, "addr:city": null, "government": null, "office": null, "website": null, "train": null, "addr:housenumber": null, "contact:mobile": null, "payment:cash": null, "payment:credit_cards": null, "payment:debit_cards": null, "check_date": null, "education": null, "grades": null, "alt_name": null, "name:ml": null, "platforms": null, "wikipedia": null, "building": null, "designation": null, "local_ref": null, "atm": null, "brand:wikidata": null, "brand:wikipedia": null, "operator:wikidata": null, "short_name": null, "brand:en": null, "currency:INR": null, "drive_through": null, "indoor": null, "note": null, "operator:en": null, "operator:wikipedia": null, "fixme": null, "cuisine": null, "diet:vegetarian": null, "smoking": null, "cash_in": null, "currency:Rs": null, "bench": null, "lit": null, "shelter": null, "payment:google_pay": null, "area": null, "layer": null, "check_date:opening_hours": null, "level": null, "bin": null }, "geometry": { "type": "Point", "coordinates": [ 78.0842197, 10.9391186 ] } },
{ "type": "Feature", "properties": { "element": "node", "id": 7846118095, "shop": null, "addr:district": "Karur", "addr:full": "Gandhi Puram", "addr:postcode": "639002", "addr:state": "Tamil Nadu", "addr:subdistrict": null, "amenity": "hospital", "name": "Krg Hospitals", "source": "Local Knowledge", "addr:block": null, "healthcare": "hospital", "bus": null, "highway": null, "name:en": null, "public_transport": null, "addr:street": null, "contact:instagram": null, "email": null, "internet_access": null, "opening_hours": null, "phone": null, "name:ta": null, "network": null, "operator": null, "railway": null, "ref": null, "wikidata": null, "brand": null, "branch": null, "addr:city": null, "government": null, "office": null, "website": null, "train": null, "addr:housenumber": null, "contact:mobile": null, "payment:cash": null, "payment:credit_cards": null, "payment:debit_cards": null, "check_date": null, "education": null, "grades": null, "alt_name": null, "name:ml": null, "platforms": null, "wikipedia": null, "building": null, "designation": null, "local_ref": null, "atm": null, "brand:wikidata": null, "brand:wikipedia": null, "operator:wikidata": null, "short_name": null, "brand:en": null, "currency:INR": null, "drive_through": null, "indoor": null, "note": null, "operator:en": null, "operator:wikipedia": null, "fixme": null, "cuisine": null, "diet:vegetarian": null, "smoking": null, "cash_in": null, "currency:Rs": null, "bench": null, "lit": null, "shelter": null, "payment:google_pay": null, "area": null, "layer": null, "check_date:opening_hours": null, "level": null, "bin": null }, "geometry": { "type": "Point", "coordinates": [ 78.07212, 10.9620644 ] } },
{ "type": "Feature", "properties": { "element": "node", "id": 7846118097, "shop": null, "addr:district": "Karur", "addr:full": "Madavilagam", "addr:postcode": "639002", "addr:state": "Tamil Nadu", "addr:subdistrict": null, "amenity": "hospital", "name": "Sanjai Rithick Hospital", "source": "Local Knowledge", "addr:block": null, "healthcare": "hospital", "bus": null, "highway": null, "name:en": null, "public_transport": null, "addr:street": null, "contact:instagram": null, "email": null, "internet_access": null, "opening_hours": null, "phone": null, "name:ta": null, "network": null, "operator": null, "railway": null, "ref": null, "wikidata": null, "brand": null, "branch": null, "addr:city": null, "government": null, "office": null, "website": null, "train": null, "addr:housenumber": null, "contact:mobile": null, "payment:cash": null, "payment:credit_cards": null, "payment:debit_cards": null, "check_date": null, "education": null, "grades": null, "alt_name": null, "name:ml": null, "platforms": null, "wikipedia": null, "building": null, "designation": null, "local_ref": null, "atm": null, "brand:wikidata": null, "brand:wikipedia": null, "operator:wikidata": null, "short_name": null, "brand:en": null, "currency:INR": null, "drive_through": null, "indoor": null, "note": null, "operator:en": null, "operator:wikipedia": null, "fixme": null, "cuisine": null, "diet:vegetarian": null, "smoking": null, "cash_in": null, "currency:Rs": null, "bench": null, "lit": null, "shelter": null, "payment:google_pay": null, "area": null, "layer": null, "check_date:opening_hours": null, "level": null, "bin": null }, "geometry": { "type": "Point", "coordinates": [ 78.0740658, 10.9628717 ] } },
{ "type": "Feature", "properties": { "element": "node", "id": 7846118098, "shop": null, "addr:district": "Karur", "addr:full": "Jawahar Bazaar", "addr:postcode": "639001", "addr:state": "Tamil Nadu", "addr:subdistrict": null, "amenity": "hospital", "name": "Manimekalai Hospital", "source": "Local Knowledge", "addr:block": null, "healthcare": "hospital", "bus": null, "highway": null, "name:en": null, "public_transport": null, "addr:street": null, "contact:instagram": null, "email": null, "internet_access": null, "opening_hours": null, "phone": null, "name:ta": null, "network": null, "operator": null, "railway": null, "ref": null, "wikidata": null, "brand": null, "branch": null, "addr:city": null, "government": null, "office": null, "website": null, "train": null, "addr:housenumber": null, "contact:mobile": null, "payment:cash": null, "payment:credit_cards": null, "payment:debit_cards": null, "check_date": null, "education": null, "grades": null, "alt_name": null, "name:ml": null, "platforms": null, "wikipedia": null, "building": null, "designation": null, "local_ref": null, "atm": null, "brand:wikidata": null, "brand:wikipedia": null, "operator:wikidata": null, "short_name": null, "brand:en": null, "currency:INR": null, "drive_through": null, "indoor": null, "note": null, "operator:en": null, "operator:wikipedia": null, "fixme": null, "cuisine": null, "diet:vegetarian": null, "smoking": null, "cash_in": null, "currency:Rs": null, "bench": null, "lit": null, "shelter": null, "payment:google_pay": null, "area": null, "layer": null, "check_date:opening_hours": null, "level": null, "bin": null }, "geometry": { "type": "Point", "coordinates": [ 78.081226, 10.955985 ] } },
{ "type": "Feature", "properties": { "element": "node", "id": 7846118099, "shop": null, "addr:district": "Karur", "addr:full": "Kamarajapuram", "addr:postcode": "639002", "addr:state": "Tamil Nadu", "addr:subdistrict": null, "amenity": "hospital", "name": "Shree Sakthi Hospital", "source": "Local Knowledge", "addr:block": null, "healthcare": "hospital", "bus": null, "highway": null, "name:en": null, "public_transport": null, "addr:street": null, "contact:instagram": null, "email": null, "internet_access": null, "opening_hours": null, "phone": null, "name:ta": null, "network": null, "operator": null, "railway": null, "ref": null, "wikidata": null, "brand": null, "branch": null, "addr:city": null, "government": null, "office": null, "website": null, "train": null, "addr:housenumber": null, "contact:mobile": null, "payment:cash": null, "payment:credit_cards": null, "payment:debit_cards": null, "check_date": null, "education": null, "grades": null, "alt_name": null, "name:ml": null, "platforms": null, "wikipedia": null, "building": null, "designation": null, "local_ref": null, "atm": null, "brand:wikidata": null, "brand:wikipedia": null, "operator:wikidata": null, "short_name": null, "brand:en": null, "currency:INR": null, "drive_through": null, "indoor": null, "note": null, "operator:en": null, "operator:wikipedia": null, "fixme": null, "cuisine": null, "diet:vegetarian": null, "smoking": null, "cash_in": null, "currency:Rs": null, "bench": null, "lit": null, "shelter": null, "payment:google_pay": null, "area": null, "layer": null, "check_date:opening_hours": null, "level": null, "bin": null }, "geometry": { "type": "Point", "coordinates": [ 78.0698733, 10.9636982 ] } },
{ "type": "Feature", "properties": { "element": "node", "id": 7846118102, "shop": null, "addr:district": "Karur", "addr:full": "Gandhi Puram, Sengunthapuram", "addr:postcode": "639002", "addr:state": "Tamil Nadu", "addr:subdistrict": null, "amenity": "hospital", "name": "Jeyammal Hospital", "source": "Local Knowledge", "addr:block": null, "healthcare": "hospital", "bus": null, "highway": null, "name:en": null, "public_transport": null, "addr:street": null, "contact:instagram": null, "email": null, "internet_access": null, "opening_hours": null, "phone": null, "name:ta": null, "network": null, "operator": null, "railway": null, "ref": null, "wikidata": null, "brand": null, "branch": null, "addr:city": null, "government": null, "office": null, "website": null, "train": null, "addr:housenumber": null, "contact:mobile": null, "payment:cash": null, "payment:credit_cards": null, "payment:debit_cards": null, "check_date": null, "education": null, "grades": null, "alt_name": null, "name:ml": null, "platforms": null, "wikipedia": null, "building": null, "designation": null, "local_ref": null, "atm": null, "brand:wikidata": null, "brand:wikipedia": null, "operator:wikidata": null, "short_name": null, "brand:en": null, "currency:INR": null, "drive_through": null, "indoor": null, "note": null, "operator:en": null, "operator:wikipedia": null, "fixme": null, "cuisine": null, "diet:vegetarian": null, "smoking": null, "cash_in": null, "currency:Rs": null, "bench": null, "lit": null, "shelter": null, "payment:google_pay": null, "area": null, "layer": null, "check_date:opening_hours": null, "level": null, "bin": null }, "geometry": { "type": "Point", "coordinates": [ 78.070428, 10.9633541 ] } },
{ "type": "Feature", "properties": { "element": "node", "id": 7846118103, "shop": null, "addr:district": "Karur", "addr:full": "Gandhi Puram", "addr:postcode": "639002", "addr:state": "Tamil Nadu", "addr:subdistrict": null, "amenity": "hospital", "name": "Nesi Eye Care Hospital", "source": "Local Knowledge", "addr:block": null, "healthcare": "hospital", "bus": null, "highway": null, "name:en": null, "public_transport": null, "addr:street": null, "contact:instagram": null, "email": null, "internet_access": null, "opening_hours": null, "phone": null, "name:ta": null, "network": null, "operator": null, "railway": null, "ref": null, "wikidata": null, "brand": null, "branch": null, "addr:city": null, "government": null, "office": null, "website": null, "train": null, "addr:housenumber": null, "contact:mobile": null, "payment:cash": null, "payment:credit_cards": null, "payment:debit_cards": null, "check_date": null, "education": null, "grades": null, "alt_name": null, "name:ml": null, "platforms": null, "wikipedia": null, "building": null, "designation": null, "local_ref": null, "atm": null, "brand:wikidata": null, "brand:wikipedia": null, "operator:wikidata": null, "short_name": null, "brand:en": null, "currency:INR": null, "drive_through": null, "indoor": null, "note": null, "operator:en": null, "operator:wikipedia": null, "fixme": null, "cuisine": null, "diet:vegetarian": null, "smoking": null, "cash_in": null, "currency:Rs": null, "bench": null, "lit": null, "shelter": null, "payment:google_pay": null, "area": null, "layer": null, "check_date:opening_hours": null, "level": null, "bin": null }, "geometry": { "type": "Point", "coordinates": [ 78.0704182, 10.9612243 ] } },
{ "type": "Feature", "properties": { "element": "node", "id": 7846118105, "shop": null, "addr:district": "Karur", "addr:full": "Vaiyapuri Nagar, Gandhi Puram", "addr:postcode": "639002", "addr:state": "Tamil Nadu", "addr:subdistrict": null, "amenity": "hospital", "name": "Karuvurar Siddha Hospital", "source": "Local Knowledge", "addr:block": null, "healthcare": "hospital", "bus": null, "highway": null, "name:en": null, "public_transport": null, "addr:street": null, "contact:instagram": null, "email": null, "internet_access": null, "opening_hours": null, "phone": null, "name:ta": null, "network": null, "operator": null, "railway": null, "ref": null, "wikidata": null, "brand": null, "branch": null, "addr:city": null, "government": null, "office": null, "website": null, "train": null, "addr:housenumber": null, "contact:mobile": null, "payment:cash": null, "payment:credit_cards": null, "payment:debit_cards": null, "check_date": null, "education": null, "grades": null, "alt_name": null, "name:ml": null, "platforms": null, "wikipedia": null, "building": null, "designation": null, "local_ref": null, "atm": null, "brand:wikidata": null, "brand:wikipedia": null, "operator:wikidata": null, "short_name": null, "brand:en": null, "currency:INR": null, "drive_through": null, "indoor": null, "note": null, "operator:en": null, "operator:wikipedia": null, "fixme": null, "cuisine": null, "diet:vegetarian": null, "smoking": null, "cash_in": null, "currency:Rs": null, "bench": null, "lit": null, "shelter": null, "payment:google_pay": null, "area": null, "layer": null, "check_date:opening_hours": null, "level": null, "bin": null }, "geometry": { "type": "Point", "coordinates": [ 78.0689621, 10.9617419 ] } },
{ "type": "Feature", "properties": { "element": "node", "id": 7846118106, "shop": null, "addr:district": "Karur", "addr:full": "Gandhi Puram", "addr:postcode": "639002", "addr:state": "Tamil Nadu", "addr:subdistrict": null, "amenity": "hospital", "name": "Parthasarathy's Dental Hospital", "source": "Local Knowledge", "addr:block": null, "healthcare": "hospital", "bus": null, "highway": null, "name:en": null, "public_transport": null, "addr:street": null, "contact:instagram": null, "email": null, "internet_access": null, "opening_hours": null, "phone": null, "name:ta": null, "network": null, "operator": null, "railway": null, "ref": null, "wikidata": null, "brand": null, "branch": null, "addr:city": null, "government": null, "office": null, "website": null, "train": null, "addr:housenumber": null, "contact:mobile": null, "payment:cash": null, "payment:credit_cards": null, "payment:debit_cards": null, "check_date": null, "education": null, "grades": null, "alt_name": null, "name:ml": null, "platforms": null, "wikipedia": null, "building": null, "designation": null, "local_ref": null, "atm": null, "brand:wikidata": null, "brand:wikipedia": null, "operator:wikidata": null, "short_name": null, "brand:en": null, "currency:INR": null, "drive_through": null, "indoor": null, "note": null, "operator:en": null, "operator:wikipedia": null, "fixme": null, "cuisine": null, "diet:vegetarian": null, "smoking": null, "cash_in": null, "currency:Rs": null, "bench": null, "lit": null, "shelter": null, "payment:google_pay": null, "area": null, "layer": null, "check_date:opening_hours": null, "level": null, "bin": null }, "geometry": { "type": "Point", "coordinates": [ 78.0716249, 10.9615774 ] } },
{ "type": "Feature", "properties": { "element": "node", "id": 7846118107, "shop": null, "addr:district": "Karur", "addr:full": "Vaiyapuri Nagar, Green Lands", "addr:postcode": "639002", "addr:state": "Tamil Nadu", "addr:subdistrict": null, "amenity": "hospital", "name": "Arasan Eye Hospital", "source": "Local Knowledge", "addr:block": null, "healthcare": "hospital", "bus": null, "highway": null, "name:en": null, "public_transport": null, "addr:street": null, "contact:instagram": null, "email": null, "internet_access": null, "opening_hours": null, "phone": null, "name:ta": null, "network": null, "operator": null, "railway": null, "ref": null, "wikidata": null, "brand": null, "branch": null, "addr:city": null, "government": null, "office": null, "website": null, "train": null, "addr:housenumber": null, "contact:mobile": null, "payment:cash": null, "payment:credit_cards": null, "payment:debit_cards": null, "check_date": null, "education": null, "grades": null, "alt_name": null, "name:ml": null, "platforms": null, "wikipedia": null, "building": null, "designation": null, "local_ref": null, "atm": null, "brand:wikidata": null, "brand:wikipedia": null, "operator:wikidata": null, "short_name": null, "brand:en": null, "currency:INR": null, "drive_through": null, "indoor": null, "note": null, "operator:en": null, "operator:wikipedia": null, "fixme": null, "cuisine": null, "diet:vegetarian": null, "smoking": null, "cash_in": null, "currency:Rs": null, "bench": null, "lit": null, "shelter": null, "payment:google_pay": null, "area": null, "layer": null, "check_date:opening_hours": null, "level": null, "bin": null }, "geometry": { "type": "Point", "coordinates": [ 78.067647, 10.961065 ] } },
{ "type": "Feature", "properties": { "element": "node", "id": 7846118111, "shop": null, "addr:district": "Karur", "addr:full": "Gowripuram", "addr:postcode": "639001", "addr:state": "Tamil Nadu", "addr:subdistrict": null, "amenity": "hospital", "name": "Neethu Neuro Hospital", "source": "Local Knowledge", "addr:block": null, "healthcare": "hospital", "bus": null, "highway": null, "name:en": null, "public_transport": null, "addr:street": null, "contact:instagram": null, "email": null, "internet_access": null, "opening_hours": null, "phone": null, "name:ta": null, "network": null, "operator": null, "railway": null, "ref": null, "wikidata": null, "brand": null, "branch": null, "addr:city": null, "government": null, "office": null, "website": null, "train": null, "addr:housenumber": null, "contact:mobile": null, "payment:cash": null, "payment:credit_cards": null, "payment:debit_cards": null, "check_date": null, "education": null, "grades": null, "alt_name": null, "name:ml": null, "platforms": null, "wikipedia": null, "building": null, "designation": null, "local_ref": null, "atm": null, "brand:wikidata": null, "brand:wikipedia": null, "operator:wikidata": null, "short_name": null, "brand:en": null, "currency:INR": null, "drive_through": null, "indoor": null, "note": null, "operator:en": null, "operator:wikipedia": null, "fixme": null, "cuisine": null, "diet:vegetarian": null, "smoking": null, "cash_in": null, "currency:Rs": null, "bench": null, "lit": null, "shelter": null, "payment:google_pay": null, "area": null, "layer": null, "check_date:opening_hours": null, "level": null, "bin": null }, "geometry": { "type": "Point", "coordinates": [ 78.0734656, 10.958315 ] } },
{ "type": "Feature", "properties": { "element": "node", "id": 7846118112, "shop": null, "addr:district": "Karur", "addr:full": "Gandhigramam", "addr:postcode": "639004", "addr:state": "Tamil Nadu", "addr:subdistrict": null, "amenity": "hospital", "name": "Vidiyal Hospital", "source": "Local Knowledge", "addr:block": null, "healthcare": "hospital", "bus": null, "highway": null, "name:en": null, "public_transport": null, "addr:street": null, "contact:instagram": null, "email": null, "internet_access": null, "opening_hours": null, "phone": null, "name:ta": null, "network": null, "operator": null, "railway": null, "ref": null, "wikidata": null, "brand": null, "branch": null, "addr:city": null, "government": null, "office": null, "website": null, "train": null, "addr:housenumber": null, "contact:mobile": null, "payment:cash": null, "payment:credit_cards": null, "payment:debit_cards": null, "check_date": null, "education": null, "grades": null, "alt_name": null, "name:ml": null, "platforms": null, "wikipedia": null, "building": null, "designation": null, "local_ref": null, "atm": null, "brand:wikidata": null, "brand:wikipedia": null, "operator:wikidata": null, "short_name": null, "brand:en": null, "currency:INR": null, "drive_through": null, "indoor": null, "note": null, "operator:en": null, "operator:wikipedia": null, "fixme": null, "cuisine": null, "diet:vegetarian": null, "smoking": null, "cash_in": null, "currency:Rs": null, "bench": null, "lit": null, "shelter": null, "payment:google_pay": null, "area": null, "layer": null, "check_date:opening_hours": null, "level": null, "bin": null }, "geometry": { "type": "Point", "coordinates": [ 78.1004165, 10.9479113 ] } },
{ "type": "Feature", "properties": { "element": "node", "id": 7846118113, "shop": null, "addr:district": "Karur", "addr:full": "Vadivel Nagar", "addr:postcode": "639001", "addr:state": "Tamil Nadu", "addr:subdistrict": null, "amenity": "hospital", "name": "Krishna Medical Centre Hospital", "source": "Local Knowledge", "addr:block": null, "healthcare": "hospital", "bus": null, "highway": null, "name:en": null, "public_transport": null, "addr:street": null, "contact:instagram": null, "email": null, "internet_access": null, "opening_hours": null, "phone": null, "name:ta": null, "network": null, "operator": null, "railway": null, "ref": null, "wikidata": null, "brand": null, "branch": null, "addr:city": null, "government": null, "office": null, "website": null, "train": null, "addr:housenumber": null, "contact:mobile": null, "payment:cash": null, "payment:credit_cards": null, "payment:debit_cards": null, "check_date": null, "education": null, "grades": null, "alt_name": null, "name:ml": null, "platforms": null, "wikipedia": null, "building": null, "designation": null, "local_ref": null, "atm": null, "brand:wikidata": null, "brand:wikipedia": null, "operator:wikidata": null, "short_name": null, "brand:en": null, "currency:INR": null, "drive_through": null, "indoor": null, "note": null, "operator:en": null, "operator:wikipedia": null, "fixme": null, "cuisine": null, "diet:vegetarian": null, "smoking": null, "cash_in": null, "currency:Rs": null, "bench": null, "lit": null, "shelter": null, "payment:google_pay": null, "area": null, "layer": null, "check_date:opening_hours": null, "level": null, "bin": null }, "geometry": { "type": "Point", "coordinates": [ 78.0541215, 10.9643009 ] } },
{ "type": "Feature", "properties": { "element": "node", "id": 7846118116, "shop": null, "addr:district": "Karur", "addr:full": "Madavilagam", "addr:postcode": "639001", "addr:state": "Tamil Nadu", "addr:subdistrict": null, "amenity": "hospital", "name": "Skin Trust Hospital", "source": "Local Knowledge", "addr:block": null, "healthcare": "hospital", "bus": null, "highway": null, "name:en": null, "public_transport": null, "addr:street": null, "contact:instagram": null, "email": null, "internet_access": null, "opening_hours": null, "phone": null, "name:ta": null, "network": null, "operator": null, "railway": null, "ref": null, "wikidata": null, "brand": null, "branch": null, "addr:city": null, "government": null, "office": null, "website": null, "train": null, "addr:housenumber": null, "contact:mobile": null, "payment:cash": null, "payment:credit_cards": null, "payment:debit_cards": null, "check_date": null, "education": null, "grades": null, "alt_name": null, "name:ml": null, "platforms": null, "wikipedia": null, "building": null, "designation": null, "local_ref": null, "atm": null, "brand:wikidata": null, "brand:wikipedia": null, "operator:wikidata": null, "short_name": null, "brand:en": null, "currency:INR": null, "drive_through": null, "indoor": null, "note": null, "operator:en": null, "operator:wikipedia": null, "fixme": null, "cuisine": null, "diet:vegetarian": null, "smoking": null, "cash_in": null, "currency:Rs": null, "bench": null, "lit": null, "shelter": null, "payment:google_pay": null, "area": null, "layer": null, "check_date:opening_hours": null, "level": null, "bin": null }, "geometry": { "type": "Point", "coordinates": [ 78.0767588, 10.9615302 ] } },
{ "type": "Feature", "properties": { "element": "node", "id": 7846118117, "shop": null, "addr:district": "Karur", "addr:full": "Ramakrishna Puram", "addr:postcode": "639001", "addr:state": "Tamil Nadu", "addr:subdistrict": null, "amenity": "hospital", "name": "Ananya Ortho Care Hospital", "source": "Local Knowledge", "addr:block": null, "healthcare": "hospital", "bus": null, "highway": null, "name:en": null, "public_transport": null, "addr:street": null, "contact:instagram": null, "email": null, "internet_access": null, "opening_hours": null, "phone": null, "name:ta": null, "network": null, "operator": null, "railway": null, "ref": null, "wikidata": null, "brand": null, "branch": null, "addr:city": null, "government": null, "office": null, "website": null, "train": null, "addr:housenumber": null, "contact:mobile": null, "payment:cash": null, "payment:credit_cards": null, "payment:debit_cards": null, "check_date": null, "education": null, "grades": null, "alt_name": null, "name:ml": null, "platforms": null, "wikipedia": null, "building": null, "designation": null, "local_ref": null, "atm": null, "brand:wikidata": null, "brand:wikipedia": null, "operator:wikidata": null, "short_name": null, "brand:en": null, "currency:INR": null, "drive_through": null, "indoor": null, "note": null, "operator:en": null, "operator:wikipedia": null, "fixme": null, "cuisine": null, "diet:vegetarian": null, "smoking": null, "cash_in": null, "currency:Rs": null, "bench": null, "lit": null, "shelter": null, "payment:google_pay": null, "area": null, "layer": null, "check_date:opening_hours": null, "level": null, "bin": null }, "geometry": { "type": "Point", "coordinates": [ 78.081435, 10.956319 ] } },
{ "type": "Feature", "properties": { "element": "node", "id": 7846118118, "shop": null, "addr:district": "Karur", "addr:full": null, "addr:postcode": "639002", "addr:state": "Tamil Nadu", "addr:subdistrict": null, "amenity": "hospital", "name": "Senthil's Emergency Care", "source": "Local Knowledge", "addr:block": null, "healthcare": "hospital", "bus": null, "highway": null, "name:en": null, "public_transport": null, "addr:street": null, "contact:instagram": null, "email": null, "internet_access": null, "opening_hours": null, "phone": null, "name:ta": null, "network": null, "operator": null, "railway": null, "ref": null, "wikidata": null, "brand": null, "branch": null, "addr:city": null, "government": null, "office": null, "website": null, "train": null, "addr:housenumber": null, "contact:mobile": null, "payment:cash": null, "payment:credit_cards": null, "payment:debit_cards": null, "check_date": null, "education": null, "grades": null, "alt_name": null, "name:ml": null, "platforms": null, "wikipedia": null, "building": null, "designation": null, "local_ref": null, "atm": null, "brand:wikidata": null, "brand:wikipedia": null, "operator:wikidata": null, "short_name": null, "brand:en": null, "currency:INR": null, "drive_through": null, "indoor": null, "note": null, "operator:en": null, "operator:wikipedia": null, "fixme": null, "cuisine": null, "diet:vegetarian": null, "smoking": null, "cash_in": null, "currency:Rs": null, "bench": null, "lit": null, "shelter": null, "payment:google_pay": null, "area": null, "layer": null, "check_date:opening_hours": null, "level": null, "bin": null }, "geometry": { "type": "Point", "coordinates": [ 78.0643823, 10.9619826 ] } },
{ "type": "Feature", "properties": { "element": "node", "id": 7846118120, "shop": null, "addr:district": "Karur", "addr:full": "Jawahar Bazaar, Karur", "addr:postcode": "639001", "addr:state": "Tamil Nadu", "addr:subdistrict": null, "amenity": "hospital", "name": "Skin Hospital", "source": "Local Knowledge", "addr:block": null, "healthcare": "hospital", "bus": null, "highway": null, "name:en": null, "public_transport": null, "addr:street": null, "contact:instagram": null, "email": null, "internet_access": null, "opening_hours": null, "phone": null, "name:ta": null, "network": null, "operator": null, "railway": null, "ref": null, "wikidata": null, "brand": null, "branch": null, "addr:city": null, "government": null, "office": null, "website": null, "train": null, "addr:housenumber": null, "contact:mobile": null, "payment:cash": null, "payment:credit_cards": null, "payment:debit_cards": null, "check_date": null, "education": null, "grades": null, "alt_name": null, "name:ml": null, "platforms": null, "wikipedia": null, "building": null, "designation": null, "local_ref": null, "atm": null, "brand:wikidata": null, "brand:wikipedia": null, "operator:wikidata": null, "short_name": null, "brand:en": null, "currency:INR": null, "drive_through": null, "indoor": null, "note": null, "operator:en": null, "operator:wikipedia": null, "fixme": null, "cuisine": null, "diet:vegetarian": null, "smoking": null, "cash_in": null, "currency:Rs": null, "bench": null, "lit": null, "shelter": null, "payment:google_pay": null, "area": null, "layer": null, "check_date:opening_hours": null, "level": null, "bin": null }, "geometry": { "type": "Point", "coordinates": [ 78.0799651, 10.9560809 ] } },
{ "type": "Feature", "properties": { "element": "node", "id": 7846118121, "shop": null, "addr:district": "Karur", "addr:full": "Gowripuram", "addr:postcode": "639001", "addr:state": "Tamil Nadu", "addr:subdistrict": null, "amenity": "hospital", "name": "Akhila Children's Hospital", "source": "Local Knowledge", "addr:block": null, "healthcare": "hospital", "bus": null, "highway": null, "name:en": null, "public_transport": null, "addr:street": null, "contact:instagram": null, "email": null, "internet_access": null, "opening_hours": null, "phone": null, "name:ta": null, "network": null, "operator": null, "railway": null, "ref": null, "wikidata": null, "brand": null, "branch": null, "addr:city": null, "government": null, "office": null, "website": null, "train": null, "addr:housenumber": null, "contact:mobile": null, "payment:cash": null, "payment:credit_cards": null, "payment:debit_cards": null, "check_date": null, "education": null, "grades": null, "alt_name": null, "name:ml": null, "platforms": null, "wikipedia": null, "building": null, "designation": null, "local_ref": null, "atm": null, "brand:wikidata": null, "brand:wikipedia": null, "operator:wikidata": null, "short_name": null, "brand:en": null, "currency:INR": null, "drive_through": null, "indoor": null, "note": null, "operator:en": null, "operator:wikipedia": null, "fixme": null, "cuisine": null, "diet:vegetarian": null, "smoking": null, "cash_in": null, "currency:Rs": null, "bench": null, "lit": null, "shelter": null, "payment:google_pay": null, "area": null, "layer": null, "check_date:opening_hours": null, "level": null, "bin": null }, "geometry": { "type": "Point", "coordinates": [ 78.0745699, 10.9585894 ] } },
{ "type": "Feature", "properties": { "element": "node", "id": 7846118123, "shop": null, "addr:district": "Karur", "addr:full": "Madavilagam", "addr:postcode": "639001", "addr:state": "Tamil Nadu", "addr:subdistrict": null, "amenity": "hospital", "name": "Balaji Hospital", "source": "Local Knowledge", "addr:block": null, "healthcare": "hospital", "bus": null, "highway": null, "name:en": null, "public_transport": null, "addr:street": null, "contact:instagram": null, "email": null, "internet_access": null, "opening_hours": null, "phone": null, "name:ta": null, "network": null, "operator": null, "railway": null, "ref": null, "wikidata": null, "brand": null, "branch": null, "addr:city": null, "government": null, "office": null, "website": null, "train": null, "addr:housenumber": null, "contact:mobile": null, "payment:cash": null, "payment:credit_cards": null, "payment:debit_cards": null, "check_date": null, "education": null, "grades": null, "alt_name": null, "name:ml": null, "platforms": null, "wikipedia": null, "building": null, "designation": null, "local_ref": null, "atm": null, "brand:wikidata": null, "brand:wikipedia": null, "operator:wikidata": null, "short_name": null, "brand:en": null, "currency:INR": null, "drive_through": null, "indoor": null, "note": null, "operator:en": null, "operator:wikipedia": null, "fixme": null, "cuisine": null, "diet:vegetarian": null, "smoking": null, "cash_in": null, "currency:Rs": null, "bench": null, "lit": null, "shelter": null, "payment:google_pay": null, "area": null, "layer": null, "check_date:opening_hours": null, "level": null, "bin": null }, "geometry": { "type": "Point", "coordinates": [ 78.076345, 10.9613902 ] } },
{ "type": "Feature", "properties": { "element": "node", "id": 7846118125, "shop": null, "addr:district": "Karur", "addr:full": "Vadivel Nagar", "addr:postcode": "639001", "addr:state": "Tamil Nadu", "addr:subdistrict": null, "amenity": "hospital", "name": "Meganathan Hospital", "source": "Local Knowledge", "addr:block": null, "healthcare": null, "bus": null, "highway": null, "name:en": null, "public_transport": null, "addr:street": null, "contact:instagram": null, "email": null, "internet_access": null, "opening_hours": null, "phone": null, "name:ta": null, "network": null, "operator": null, "railway": null, "ref": null, "wikidata": null, "brand": null, "branch": null, "addr:city": null, "government": null, "office": null, "website": null, "train": null, "addr:housenumber": null, "contact:mobile": null, "payment:cash": null, "payment:credit_cards": null, "payment:debit_cards": null, "check_date": null, "education": null, "grades": null, "alt_name": null, "name:ml": null, "platforms": null, "wikipedia": null, "building": null, "designation": null, "local_ref": null, "atm": null, "brand:wikidata": null, "brand:wikipedia": null, "operator:wikidata": null, "short_name": null, "brand:en": null, "currency:INR": null, "drive_through": null, "indoor": null, "note": null, "operator:en": null, "operator:wikipedia": null, "fixme": null, "cuisine": null, "diet:vegetarian": null, "smoking": null, "cash_in": null, "currency:Rs": null, "bench": null, "lit": null, "shelter": null, "payment:google_pay": null, "area": null, "layer": null, "check_date:opening_hours": null, "level": null, "bin": null }, "geometry": { "type": "Point", "coordinates": [ 78.052368, 10.9658739 ] } },
{ "type": "Feature", "properties": { "element": "node", "id": 7846118126, "shop": null, "addr:district": "Karur", "addr:full": "Madavilagam", "addr:postcode": "639001", "addr:state": "Tamil Nadu", "addr:subdistrict": null, "amenity": "hospital", "name": "Deepa Hospital", "source": "Local Knowledge", "addr:block": null, "healthcare": "hospital", "bus": null, "highway": null, "name:en": null, "public_transport": null, "addr:street": null, "contact:instagram": null, "email": null, "internet_access": null, "opening_hours": null, "phone": null, "name:ta": null, "network": null, "operator": null, "railway": null, "ref": null, "wikidata": null, "brand": null, "branch": null, "addr:city": null, "government": null, "office": null, "website": null, "train": null, "addr:housenumber": null, "contact:mobile": null, "payment:cash": null, "payment:credit_cards": null, "payment:debit_cards": null, "check_date": null, "education": null, "grades": null, "alt_name": null, "name:ml": null, "platforms": null, "wikipedia": null, "building": null, "designation": null, "local_ref": null, "atm": null, "brand:wikidata": null, "brand:wikipedia": null, "operator:wikidata": null, "short_name": null, "brand:en": null, "currency:INR": null, "drive_through": null, "indoor": null, "note": null, "operator:en": null, "operator:wikipedia": null, "fixme": null, "cuisine": null, "diet:vegetarian": null, "smoking": null, "cash_in": null, "currency:Rs": null, "bench": null, "lit": null, "shelter": null, "payment:google_pay": null, "area": null, "layer": null, "check_date:opening_hours": null, "level": null, "bin": null }, "geometry": { "type": "Point", "coordinates": [ 78.0766134, 10.9628985 ] } },
{ "type": "Feature", "properties": { "element": "node", "id": 7846118127, "shop": null, "addr:district": "Karur", "addr:full": "Narasimmapuram, Jawahar Bazaar", "addr:postcode": "639001", "addr:state": "Tamil Nadu", "addr:subdistrict": null, "amenity": "hospital", "name": "Raja Psychiatric Hospital", "source": "Local Knowledge", "addr:block": null, "healthcare": "hospital", "bus": null, "highway": null, "name:en": null, "public_transport": null, "addr:street": null, "contact:instagram": null, "email": null, "internet_access": null, "opening_hours": null, "phone": null, "name:ta": null, "network": null, "operator": null, "railway": null, "ref": null, "wikidata": null, "brand": null, "branch": null, "addr:city": null, "government": null, "office": null, "website": null, "train": null, "addr:housenumber": null, "contact:mobile": null, "payment:cash": null, "payment:credit_cards": null, "payment:debit_cards": null, "check_date": null, "education": null, "grades": null, "alt_name": null, "name:ml": null, "platforms": null, "wikipedia": null, "building": null, "designation": null, "local_ref": null, "atm": null, "brand:wikidata": null, "brand:wikipedia": null, "operator:wikidata": null, "short_name": null, "brand:en": null, "currency:INR": null, "drive_through": null, "indoor": null, "note": null, "operator:en": null, "operator:wikipedia": null, "fixme": null, "cuisine": null, "diet:vegetarian": null, "smoking": null, "cash_in": null, "currency:Rs": null, "bench": null, "lit": null, "shelter": null, "payment:google_pay": null, "area": null, "layer": null, "check_date:opening_hours": null, "level": null, "bin": null }, "geometry": { "type": "Point", "coordinates": [ 78.079981, 10.956568 ] } },
{ "type": "Feature", "properties": { "element": "node", "id": 7846118129, "shop": null, "addr:district": "Karur", "addr:full": null, "addr:postcode": "639002", "addr:state": "Tamil Nadu", "addr:subdistrict": null, "amenity": "hospital", "name": "Kumaran Hospital", "source": "Local Knowledge", "addr:block": null, "healthcare": "hospital", "bus": null, "highway": null, "name:en": null, "public_transport": null, "addr:street": null, "contact:instagram": null, "email": null, "internet_access": null, "opening_hours": null, "phone": null, "name:ta": null, "network": null, "operator": null, "railway": null, "ref": null, "wikidata": null, "brand": null, "branch": null, "addr:city": null, "government": null, "office": null, "website": null, "train": null, "addr:housenumber": null, "contact:mobile": null, "payment:cash": null, "payment:credit_cards": null, "payment:debit_cards": null, "check_date": null, "education": null, "grades": null, "alt_name": null, "name:ml": null, "platforms": null, "wikipedia": null, "building": null, "designation": null, "local_ref": null, "atm": null, "brand:wikidata": null, "brand:wikipedia": null, "operator:wikidata": null, "short_name": null, "brand:en": null, "currency:INR": null, "drive_through": null, "indoor": null, "note": null, "operator:en": null, "operator:wikipedia": null, "fixme": null, "cuisine": null, "diet:vegetarian": null, "smoking": null, "cash_in": null, "currency:Rs": null, "bench": null, "lit": null, "shelter": null, "payment:google_pay": null, "area": null, "layer": null, "check_date:opening_hours": null, "level": null, "bin": null }, "geometry": { "type": "Point", "coordinates": [ 78.0644924, 10.9619213 ] } },
{ "type": "Feature", "properties": { "element": "node", "id": 7846118130, "shop": null, "addr:district": "Karur", "addr:full": "Vaiyapuri Nagar, Gandhi Puram", "addr:postcode": "639002", "addr:state": "Tamil Nadu", "addr:subdistrict": null, "amenity": "hospital", "name": "K R G Hospital", "source": "Local Knowledge", "addr:block": null, "healthcare": "hospital", "bus": null, "highway": null, "name:en": null, "public_transport": null, "addr:street": null, "contact:instagram": null, "email": null, "internet_access": null, "opening_hours": null, "phone": null, "name:ta": null, "network": null, "operator": null, "railway": null, "ref": null, "wikidata": null, "brand": null, "branch": null, "addr:city": null, "government": null, "office": null, "website": null, "train": null, "addr:housenumber": null, "contact:mobile": null, "payment:cash": null, "payment:credit_cards": null, "payment:debit_cards": null, "check_date": null, "education": null, "grades": null, "alt_name": null, "name:ml": null, "platforms": null, "wikipedia": null, "building": null, "designation": null, "local_ref": null, "atm": null, "brand:wikidata": null, "brand:wikipedia": null, "operator:wikidata": null, "short_name": null, "brand:en": null, "currency:INR": null, "drive_through": null, "indoor": null, "note": null, "operator:en": null, "operator:wikipedia": null, "fixme": null, "cuisine": null, "diet:vegetarian": null, "smoking": null, "cash_in": null, "currency:Rs": null, "bench": null, "lit": null, "shelter": null, "payment:google_pay": null, "area": null, "layer": null, "check_date:opening_hours": null, "level": null, "bin": null }, "geometry": { "type": "Point", "coordinates": [ 78.0684828, 10.9633415 ] } },
{ "type": "Feature", "properties": { "element": "node", "id": 7846118132, "shop": null, "addr:district": "Karur", "addr:full": "Gandhi Puram, Karur", "addr:postcode": "639002", "addr:state": "Tamil Nadu", "addr:subdistrict": null, "amenity": "hospital", "name": "Poongothai Hospital", "source": "Local Knowledge", "addr:block": null, "healthcare": "hospital", "bus": null, "highway": null, "name:en": null, "public_transport": null, "addr:street": null, "contact:instagram": null, "email": null, "internet_access": null, "opening_hours": null, "phone": null, "name:ta": null, "network": null, "operator": null, "railway": null, "ref": null, "wikidata": null, "brand": null, "branch": null, "addr:city": null, "government": null, "office": null, "website": null, "train": null, "addr:housenumber": null, "contact:mobile": null, "payment:cash": null, "payment:credit_cards": null, "payment:debit_cards": null, "check_date": null, "education": null, "grades": null, "alt_name": null, "name:ml": null, "platforms": null, "wikipedia": null, "building": null, "designation": null, "local_ref": null, "atm": null, "brand:wikidata": null, "brand:wikipedia": null, "operator:wikidata": null, "short_name": null, "brand:en": null, "currency:INR": null, "drive_through": null, "indoor": null, "note": null, "operator:en": null, "operator:wikipedia": null, "fixme": null, "cuisine": null, "diet:vegetarian": null, "smoking": null, "cash_in": null, "currency:Rs": null, "bench": null, "lit": null, "shelter": null, "payment:google_pay": null, "area": null, "layer": null, "check_date:opening_hours": null, "level": null, "bin": null }, "geometry": { "type": "Point", "coordinates": [ 78.0690593, 10.9619987 ] } },
{ "type": "Feature", "properties": { "element": "node", "id": 7846118133, "shop": null, "addr:district": "Karur", "addr:full": "Reddipalayam, Andankoil", "addr:postcode": "639002", "addr:state": "Tamil Nadu", "addr:subdistrict": null, "amenity": "hospital", "name": "Sathyam Hospital", "source": "Local Knowledge", "addr:block": null, "healthcare": null, "bus": null, "highway": null, "name:en": null, "public_transport": null, "addr:street": null, "contact:instagram": null, "email": null, "internet_access": null, "opening_hours": null, "phone": null, "name:ta": null, "network": null, "operator": null, "railway": null, "ref": null, "wikidata": null, "brand": null, "branch": null, "addr:city": null, "government": null, "office": null, "website": null, "train": null, "addr:housenumber": null, "contact:mobile": null, "payment:cash": null, "payment:credit_cards": null, "payment:debit_cards": null, "check_date": null, "education": null, "grades": null, "alt_name": null, "name:ml": null, "platforms": null, "wikipedia": null, "building": null, "designation": null, "local_ref": null, "atm": null, "brand:wikidata": null, "brand:wikipedia": null, "operator:wikidata": null, "short_name": null, "brand:en": null, "currency:INR": null, "drive_through": null, "indoor": null, "note": null, "operator:en": null, "operator:wikipedia": null, "fixme": null, "cuisine": null, "diet:vegetarian": null, "smoking": null, "cash_in": null, "currency:Rs": null, "bench": null, "lit": null, "shelter": null, "payment:google_pay": null, "area": null, "layer": null, "check_date:opening_hours": null, "level": null, "bin": null }, "geometry": { "type": "Point", "coordinates": [ 78.048055, 10.968865 ] } },
{ "type": "Feature", "properties": { "element": "node", "id": 7846118134, "shop": null, "addr:district": "Karur", "addr:full": "Muthurajapuram, Jawahar Bazaar", "addr:postcode": "639001", "addr:state": "Tamil Nadu", "addr:subdistrict": null, "amenity": "hospital", "name": "Jai Children Hospital", "source": "Local Knowledge", "addr:block": null, "healthcare": "hospital", "bus": null, "highway": null, "name:en": null, "public_transport": null, "addr:street": null, "contact:instagram": null, "email": null, "internet_access": null, "opening_hours": null, "phone": null, "name:ta": null, "network": null, "operator": null, "railway": null, "ref": null, "wikidata": null, "brand": null, "branch": null, "addr:city": null, "government": null, "office": null, "website": null, "train": null, "addr:housenumber": null, "contact:mobile": null, "payment:cash": null, "payment:credit_cards": null, "payment:debit_cards": null, "check_date": null, "education": null, "grades": null, "alt_name": null, "name:ml": null, "platforms": null, "wikipedia": null, "building": null, "designation": null, "local_ref": null, "atm": null, "brand:wikidata": null, "brand:wikipedia": null, "operator:wikidata": null, "short_name": null, "brand:en": null, "currency:INR": null, "drive_through": null, "indoor": null, "note": null, "operator:en": null, "operator:wikipedia": null, "fixme": null, "cuisine": null, "diet:vegetarian": null, "smoking": null, "cash_in": null, "currency:Rs": null, "bench": null, "lit": null, "shelter": null, "payment:google_pay": null, "area": null, "layer": null, "check_date:opening_hours": null, "level": null, "bin": null }, "geometry": { "type": "Point", "coordinates": [ 78.080021, 10.956354 ] } },
{ "type": "Feature", "properties": { "element": "node", "id": 7846118135, "shop": null, "addr:district": "Karur", "addr:full": "Gandhi Puram", "addr:postcode": "639002", "addr:state": "Tamil Nadu", "addr:subdistrict": null, "amenity": "hospital", "name": "Niha Multi Speciality Hospitals", "source": "Local Knowledge", "addr:block": null, "healthcare": "hospital", "bus": null, "highway": null, "name:en": null, "public_transport": null, "addr:street": null, "contact:instagram": null, "email": null, "internet_access": null, "opening_hours": null, "phone": null, "name:ta": null, "network": null, "operator": null, "railway": null, "ref": null, "wikidata": null, "brand": null, "branch": null, "addr:city": null, "government": null, "office": null, "website": null, "train": null, "addr:housenumber": null, "contact:mobile": null, "payment:cash": null, "payment:credit_cards": null, "payment:debit_cards": null, "check_date": null, "education": null, "grades": null, "alt_name": null, "name:ml": null, "platforms": null, "wikipedia": null, "building": null, "designation": null, "local_ref": null, "atm": null, "brand:wikidata": null, "brand:wikipedia": null, "operator:wikidata": null, "short_name": null, "brand:en": null, "currency:INR": null, "drive_through": null, "indoor": null, "note": null, "operator:en": null, "operator:wikipedia": null, "fixme": null, "cuisine": null, "diet:vegetarian": null, "smoking": null, "cash_in": null, "currency:Rs": null, "bench": null, "lit": null, "shelter": null, "payment:google_pay": null, "area": null, "layer": null, "check_date:opening_hours": null, "level": null, "bin": null }, "geometry": { "type": "Point", "coordinates": [ 78.0715536, 10.9611515 ] } },
{ "type": "Feature", "properties": { "element": "node", "id": 7846118136, "shop": null, "addr:district": "Karur", "addr:full": "Madavilagam", "addr:postcode": "639001", "addr:state": "Tamil Nadu", "addr:subdistrict": null, "amenity": "hospital", "name": "Rajini Hospital", "source": "Local Knowledge", "addr:block": null, "healthcare": "hospital", "bus": null, "highway": null, "name:en": null, "public_transport": null, "addr:street": null, "contact:instagram": null, "email": null, "internet_access": null, "opening_hours": null, "phone": null, "name:ta": null, "network": null, "operator": null, "railway": null, "ref": null, "wikidata": null, "brand": null, "branch": null, "addr:city": null, "government": null, "office": null, "website": null, "train": null, "addr:housenumber": null, "contact:mobile": null, "payment:cash": null, "payment:credit_cards": null, "payment:debit_cards": null, "check_date": null, "education": null, "grades": null, "alt_name": null, "name:ml": null, "platforms": null, "wikipedia": null, "building": null, "designation": null, "local_ref": null, "atm": null, "brand:wikidata": null, "brand:wikipedia": null, "operator:wikidata": null, "short_name": null, "brand:en": null, "currency:INR": null, "drive_through": null, "indoor": null, "note": null, "operator:en": null, "operator:wikipedia": null, "fixme": null, "cuisine": null, "diet:vegetarian": null, "smoking": null, "cash_in": null, "currency:Rs": null, "bench": null, "lit": null, "shelter": null, "payment:google_pay": null, "area": null, "layer": null, "check_date:opening_hours": null, "level": null, "bin": null }, "geometry": { "type": "Point", "coordinates": [ 78.076934, 10.962794 ] } },
{ "type": "Feature", "properties": { "element": "node", "id": 7846118139, "shop": null, "addr:district": "Karur", "addr:full": "Gowripuram", "addr:postcode": "639001", "addr:state": "Tamil Nadu", "addr:subdistrict": null, "amenity": "hospital", "name": "Renuga Hospital", "source": "Local Knowledge", "addr:block": null, "healthcare": "hospital", "bus": null, "highway": null, "name:en": null, "public_transport": null, "addr:street": null, "contact:instagram": null, "email": null, "internet_access": null, "opening_hours": null, "phone": null, "name:ta": null, "network": null, "operator": null, "railway": null, "ref": null, "wikidata": null, "brand": null, "branch": null, "addr:city": null, "government": null, "office": null, "website": null, "train": null, "addr:housenumber": null, "contact:mobile": null, "payment:cash": null, "payment:credit_cards": null, "payment:debit_cards": null, "check_date": null, "education": null, "grades": null, "alt_name": null, "name:ml": null, "platforms": null, "wikipedia": null, "building": null, "designation": null, "local_ref": null, "atm": null, "brand:wikidata": null, "brand:wikipedia": null, "operator:wikidata": null, "short_name": null, "brand:en": null, "currency:INR": null, "drive_through": null, "indoor": null, "note": null, "operator:en": null, "operator:wikipedia": null, "fixme": null, "cuisine": null, "diet:vegetarian": null, "smoking": null, "cash_in": null, "currency:Rs": null, "bench": null, "lit": null, "shelter": null, "payment:google_pay": null, "area": null, "layer": null, "check_date:opening_hours": null, "level": null, "bin": null }, "geometry": { "type": "Point", "coordinates": [ 78.0733125, 10.9595907 ] } },
{ "type": "Feature", "properties": { "element": "node", "id": 7846118141, "shop": null, "addr:district": "Karur", "addr:full": null, "addr:postcode": "639002", "addr:state": "Tamil Nadu", "addr:subdistrict": null, "amenity": "hospital", "name": "Jeyamani Plastic Surgery Centre", "source": "Local Knowledge", "addr:block": null, "healthcare": "hospital", "bus": null, "highway": null, "name:en": null, "public_transport": null, "addr:street": null, "contact:instagram": null, "email": null, "internet_access": null, "opening_hours": null, "phone": null, "name:ta": null, "network": null, "operator": null, "railway": null, "ref": null, "wikidata": null, "brand": null, "branch": null, "addr:city": null, "government": null, "office": null, "website": null, "train": null, "addr:housenumber": null, "contact:mobile": null, "payment:cash": null, "payment:credit_cards": null, "payment:debit_cards": null, "check_date": null, "education": null, "grades": null, "alt_name": null, "name:ml": null, "platforms": null, "wikipedia": null, "building": null, "designation": null, "local_ref": null, "atm": null, "brand:wikidata": null, "brand:wikipedia": null, "operator:wikidata": null, "short_name": null, "brand:en": null, "currency:INR": null, "drive_through": null, "indoor": null, "note": null, "operator:en": null, "operator:wikipedia": null, "fixme": null, "cuisine": null, "diet:vegetarian": null, "smoking": null, "cash_in": null, "currency:Rs": null, "bench": null, "lit": null, "shelter": null, "payment:google_pay": null, "area": null, "layer": null, "check_date:opening_hours": null, "level": null, "bin": null }, "geometry": { "type": "Point", "coordinates": [ 78.0737932, 10.9615223 ] } },
{ "type": "Feature", "properties": { "element": "node", "id": 7846118143, "shop": null, "addr:district": "Karur", "addr:full": "Sengunthapuram", "addr:postcode": "639002", "addr:state": "Tamil Nadu", "addr:subdistrict": null, "amenity": "hospital", "name": "Dhanvanthri Nilayam", "source": "Local Knowledge", "addr:block": null, "healthcare": "hospital", "bus": null, "highway": null, "name:en": null, "public_transport": null, "addr:street": null, "contact:instagram": null, "email": null, "internet_access": null, "opening_hours": null, "phone": null, "name:ta": null, "network": null, "operator": null, "railway": null, "ref": null, "wikidata": null, "brand": null, "branch": null, "addr:city": null, "government": null, "office": null, "website": null, "train": null, "addr:housenumber": null, "contact:mobile": null, "payment:cash": null, "payment:credit_cards": null, "payment:debit_cards": null, "check_date": null, "education": null, "grades": null, "alt_name": null, "name:ml": null, "platforms": null, "wikipedia": null, "building": null, "designation": null, "local_ref": null, "atm": null, "brand:wikidata": null, "brand:wikipedia": null, "operator:wikidata": null, "short_name": null, "brand:en": null, "currency:INR": null, "drive_through": null, "indoor": null, "note": null, "operator:en": null, "operator:wikipedia": null, "fixme": null, "cuisine": null, "diet:vegetarian": null, "smoking": null, "cash_in": null, "currency:Rs": null, "bench": null, "lit": null, "shelter": null, "payment:google_pay": null, "area": null, "layer": null, "check_date:opening_hours": null, "level": null, "bin": null }, "geometry": { "type": "Point", "coordinates": [ 78.0735138, 10.9616527 ] } },
{ "type": "Feature", "properties": { "element": "node", "id": 7846118145, "shop": null, "addr:district": "Karur", "addr:full": "Vaiyapuri Nagar, Gandhi Puram", "addr:postcode": "639002", "addr:state": "Tamil Nadu", "addr:subdistrict": null, "amenity": "hospital", "name": "Loganathan Dental Care Hospital", "source": "Local Knowledge", "addr:block": null, "healthcare": "hospital", "bus": null, "highway": null, "name:en": null, "public_transport": null, "addr:street": null, "contact:instagram": null, "email": null, "internet_access": null, "opening_hours": null, "phone": null, "name:ta": null, "network": null, "operator": null, "railway": null, "ref": null, "wikidata": null, "brand": null, "branch": null, "addr:city": null, "government": null, "office": null, "website": null, "train": null, "addr:housenumber": null, "contact:mobile": null, "payment:cash": null, "payment:credit_cards": null, "payment:debit_cards": null, "check_date": null, "education": null, "grades": null, "alt_name": null, "name:ml": null, "platforms": null, "wikipedia": null, "building": null, "designation": null, "local_ref": null, "atm": null, "brand:wikidata": null, "brand:wikipedia": null, "operator:wikidata": null, "short_name": null, "brand:en": null, "currency:INR": null, "drive_through": null, "indoor": null, "note": null, "operator:en": null, "operator:wikipedia": null, "fixme": null, "cuisine": null, "diet:vegetarian": null, "smoking": null, "cash_in": null, "currency:Rs": null, "bench": null, "lit": null, "shelter": null, "payment:google_pay": null, "area": null, "layer": null, "check_date:opening_hours": null, "level": null, "bin": null }, "geometry": { "type": "Point", "coordinates": [ 78.068556, 10.962963 ] } },
{ "type": "Feature", "properties": { "element": "node", "id": 7846118148, "shop": null, "addr:district": "Karur", "addr:full": null, "addr:postcode": "639007", "addr:state": "Tamil Nadu", "addr:subdistrict": null, "amenity": "hospital", "name": "Gunam Hospital", "source": "Local Knowledge", "addr:block": null, "healthcare": null, "bus": null, "highway": null, "name:en": null, "public_transport": null, "addr:street": null, "contact:instagram": null, "email": null, "internet_access": null, "opening_hours": null, "phone": null, "name:ta": null, "network": null, "operator": null, "railway": null, "ref": null, "wikidata": null, "brand": null, "branch": null, "addr:city": null, "government": null, "office": null, "website": null, "train": null, "addr:housenumber": null, "contact:mobile": null, "payment:cash": null, "payment:credit_cards": null, "payment:debit_cards": null, "check_date": null, "education": null, "grades": null, "alt_name": null, "name:ml": null, "platforms": null, "wikipedia": null, "building": null, "designation": null, "local_ref": null, "atm": null, "brand:wikidata": null, "brand:wikipedia": null, "operator:wikidata": null, "short_name": null, "brand:en": null, "currency:INR": null, "drive_through": null, "indoor": null, "note": null, "operator:en": null, "operator:wikipedia": null, "fixme": null, "cuisine": null, "diet:vegetarian": null, "smoking": null, "cash_in": null, "currency:Rs": null, "bench": null, "lit": null, "shelter": null, "payment:google_pay": null, "area": null, "layer": null, "check_date:opening_hours": null, "level": null, "bin": null }, "geometry": { "type": "Point", "coordinates": [ 78.0902964, 10.9339489 ] } },
{ "type": "Feature", "properties": { "element": "node", "id": 7846118150, "shop": null, "addr:district": "Karur", "addr:full": "Vaiyapuri Nagar, Gandhi Puram", "addr:postcode": "639002", "addr:state": "Tamil Nadu", "addr:subdistrict": null, "amenity": "hospital", "name": "Ranjith Child Hospital", "source": "Local Knowledge", "addr:block": null, "healthcare": "hospital", "bus": null, "highway": null, "name:en": null, "public_transport": null, "addr:street": null, "contact:instagram": null, "email": null, "internet_access": null, "opening_hours": null, "phone": null, "name:ta": null, "network": null, "operator": null, "railway": null, "ref": null, "wikidata": null, "brand": null, "branch": null, "addr:city": null, "government": null, "office": null, "website": null, "train": null, "addr:housenumber": null, "contact:mobile": null, "payment:cash": null, "payment:credit_cards": null, "payment:debit_cards": null, "check_date": null, "education": null, "grades": null, "alt_name": null, "name:ml": null, "platforms": null, "wikipedia": null, "building": null, "designation": null, "local_ref": null, "atm": null, "brand:wikidata": null, "brand:wikipedia": null, "operator:wikidata": null, "short_name": null, "brand:en": null, "currency:INR": null, "drive_through": null, "indoor": null, "note": null, "operator:en": null, "operator:wikipedia": null, "fixme": null, "cuisine": null, "diet:vegetarian": null, "smoking": null, "cash_in": null, "currency:Rs": null, "bench": null, "lit": null, "shelter": null, "payment:google_pay": null, "area": null, "layer": null, "check_date:opening_hours": null, "level": null, "bin": null }, "geometry": { "type": "Point", "coordinates": [ 78.0690826, 10.9622369 ] } },
{ "type": "Feature", "properties": { "element": "node", "id": 7846118155, "shop": null, "addr:district": "Karur", "addr:full": "Jawahar Bazaar", "addr:postcode": "639001", "addr:state": "Tamil Nadu", "addr:subdistrict": null, "amenity": "hospital", "name": "K.V.S Hospital", "source": "Local Knowledge", "addr:block": null, "healthcare": "hospital", "bus": null, "highway": null, "name:en": null, "public_transport": null, "addr:street": null, "contact:instagram": null, "email": null, "internet_access": null, "opening_hours": null, "phone": null, "name:ta": null, "network": null, "operator": null, "railway": null, "ref": null, "wikidata": null, "brand": null, "branch": null, "addr:city": null, "government": null, "office": null, "website": null, "train": null, "addr:housenumber": null, "contact:mobile": null, "payment:cash": null, "payment:credit_cards": null, "payment:debit_cards": null, "check_date": null, "education": null, "grades": null, "alt_name": null, "name:ml": null, "platforms": null, "wikipedia": null, "building": null, "designation": null, "local_ref": null, "atm": null, "brand:wikidata": null, "brand:wikipedia": null, "operator:wikidata": null, "short_name": null, "brand:en": null, "currency:INR": null, "drive_through": null, "indoor": null, "note": null, "operator:en": null, "operator:wikipedia": null, "fixme": null, "cuisine": null, "diet:vegetarian": null, "smoking": null, "cash_in": null, "currency:Rs": null, "bench": null, "lit": null, "shelter": null, "payment:google_pay": null, "area": null, "layer": null, "check_date:opening_hours": null, "level": null, "bin": null }, "geometry": { "type": "Point", "coordinates": [ 78.0809837, 10.9560191 ] } },
{ "type": "Feature", "properties": { "element": "node", "id": 8097022667, "shop": null, "addr:district": null, "addr:full": null, "addr:postcode": null, "addr:state": null, "addr:subdistrict": null, "amenity": null, "name": "tneb", "source": null, "addr:block": null, "healthcare": null, "bus": null, "highway": null, "name:en": null, "public_transport": null, "addr:street": null, "contact:instagram": null, "email": null, "internet_access": null, "opening_hours": null, "phone": null, "name:ta": null, "network": null, "operator": null, "railway": null, "ref": null, "wikidata": null, "brand": null, "branch": null, "addr:city": null, "government": "public_service", "office": "government", "website": null, "train": null, "addr:housenumber": null, "contact:mobile": null, "payment:cash": null, "payment:credit_cards": null, "payment:debit_cards": null, "check_date": null, "education": null, "grades": null, "alt_name": null, "name:ml": null, "platforms": null, "wikipedia": null, "building": null, "designation": null, "local_ref": null, "atm": null, "brand:wikidata": null, "brand:wikipedia": null, "operator:wikidata": null, "short_name": null, "brand:en": null, "currency:INR": null, "drive_through": null, "indoor": null, "note": null, "operator:en": null, "operator:wikipedia": null, "fixme": null, "cuisine": null, "diet:vegetarian": null, "smoking": null, "cash_in": null, "currency:Rs": null, "bench": null, "lit": null, "shelter": null, "payment:google_pay": null, "area": null, "layer": null, "check_date:opening_hours": null, "level": null, "bin": null }, "geometry": { "type": "Point", "coordinates": [ 78.0715196, 10.9600279 ] } },
{ "type": "Feature", "properties": { "element": "node", "id": 8097049424, "shop": null, "addr:district": null, "addr:full": null, "addr:postcode": null, "addr:state": null, "addr:subdistrict": null, "amenity": "school", "name": "little angles", "source": null, "addr:block": null, "healthcare": null, "bus": null, "highway": null, "name:en": null, "public_transport": null, "addr:street": null, "contact:instagram": null, "email": null, "internet_access": null, "opening_hours": null, "phone": null, "name:ta": null, "network": null, "operator": null, "railway": null, "ref": null, "wikidata": null, "brand": null, "branch": null, "addr:city": null, "government": null, "office": null, "website": null, "train": null, "addr:housenumber": null, "contact:mobile": null, "payment:cash": null, "payment:credit_cards": null, "payment:debit_cards": null, "check_date": null, "education": null, "grades": "kg-12", "alt_name": null, "name:ml": null, "platforms": null, "wikipedia": null, "building": null, "designation": null, "local_ref": null, "atm": null, "brand:wikidata": null, "brand:wikipedia": null, "operator:wikidata": null, "short_name": null, "brand:en": null, "currency:INR": null, "drive_through": null, "indoor": null, "note": null, "operator:en": null, "operator:wikipedia": null, "fixme": null, "cuisine": null, "diet:vegetarian": null, "smoking": null, "cash_in": null, "currency:Rs": null, "bench": null, "lit": null, "shelter": null, "payment:google_pay": null, "area": null, "layer": null, "check_date:opening_hours": null, "level": null, "bin": null }, "geometry": { "type": "Point", "coordinates": [ 78.0847999, 10.9556249 ] } },
{ "type": "Feature", "properties": { "element": "node", "id": 8097064480, "shop": null, "addr:district": null, "addr:full": null, "addr:postcode": null, "addr:state": null, "addr:subdistrict": null, "amenity": "bank", "name": "Karur Vysya Bank", "source": null, "addr:block": null, "healthcare": null, "bus": null, "highway": null, "name:en": null, "public_transport": null, "addr:street": null, "contact:instagram": null, "email": null, "internet_access": null, "opening_hours": null, "phone": null, "name:ta": null, "network": null, "operator": null, "railway": null, "ref": null, "wikidata": null, "brand": "Karur Vysya Bank", "branch": null, "addr:city": null, "government": null, "office": null, "website": null, "train": null, "addr:housenumber": null, "contact:mobile": null, "payment:cash": null, "payment:credit_cards": null, "payment:debit_cards": null, "check_date": null, "education": null, "grades": null, "alt_name": null, "name:ml": null, "platforms": null, "wikipedia": null, "building": null, "designation": null, "local_ref": null, "atm": null, "brand:wikidata": "Q6373724", "brand:wikipedia": "en:Karur Vysya Bank", "operator:wikidata": null, "short_name": null, "brand:en": null, "currency:INR": null, "drive_through": null, "indoor": null, "note": null, "operator:en": null, "operator:wikipedia": null, "fixme": null, "cuisine": null, "diet:vegetarian": null, "smoking": null, "cash_in": null, "currency:Rs": null, "bench": null, "lit": null, "shelter": null, "payment:google_pay": null, "area": null, "layer": null, "check_date:opening_hours": null, "level": null, "bin": null }, "geometry": { "type": "Point", "coordinates": [ 78.0565329, 10.9647236 ] } },
{ "type": "Feature", "properties": { "element": "node", "id": 8097096851, "shop": null, "addr:district": null, "addr:full": null, "addr:postcode": null, "addr:state": null, "addr:subdistrict": null, "amenity": "atm", "name": "State Bank of India", "source": null, "addr:block": null, "healthcare": null, "bus": null, "highway": null, "name:en": null, "public_transport": null, "addr:street": null, "contact:instagram": null, "email": null, "internet_access": null, "opening_hours": "24/7", "phone": null, "name:ta": null, "network": null, "operator": "State Bank of India", "railway": null, "ref": null, "wikidata": null, "brand": "State Bank of India", "branch": null, "addr:city": null, "government": null, "office": null, "website": null, "train": null, "addr:housenumber": null, "contact:mobile": null, "payment:cash": null, "payment:credit_cards": null, "payment:debit_cards": null, "check_date": null, "education": null, "grades": null, "alt_name": null, "name:ml": null, "platforms": null, "wikipedia": null, "building": null, "designation": null, "local_ref": null, "atm": null, "brand:wikidata": "Q1340361", "brand:wikipedia": "en:State Bank of India", "operator:wikidata": "Q1340361", "short_name": "SBI", "brand:en": "State Bank of India", "currency:INR": "yes", "drive_through": "no", "indoor": "yes", "note": "Contributors are requested to not edit the \"brand\", \"brand:en\", \"brand:wikidata\", \"operator\", \"operator:en\" and \"operator:wikidata\" tags. (2025/03/03)", "operator:en": "State Bank of India", "operator:wikipedia": "en:State Bank of India", "fixme": null, "cuisine": null, "diet:vegetarian": null, "smoking": null, "cash_in": null, "currency:Rs": null, "bench": null, "lit": null, "shelter": null, "payment:google_pay": null, "area": null, "layer": null, "check_date:opening_hours": null, "level": null, "bin": null }, "geometry": { "type": "Point", "coordinates": [ 78.0618285, 10.9625982 ] } },
{ "type": "Feature", "properties": { "element": "node", "id": 8097121634, "shop": "travel_agency", "addr:district": null, "addr:full": null, "addr:postcode": null, "addr:state": null, "addr:subdistrict": null, "amenity": null, "name": "Srt Travel", "source": null, "addr:block": null, "healthcare": null, "bus": null, "highway": null, "name:en": null, "public_transport": null, "addr:street": null, "contact:instagram": null, "email": null, "internet_access": null, "opening_hours": null, "phone": null, "name:ta": null, "network": null, "operator": null, "railway": null, "ref": null, "wikidata": null, "brand": "STA Travel", "branch": null, "addr:city": null, "government": null, "office": null, "website": null, "train": null, "addr:housenumber": null, "contact:mobile": null, "payment:cash": null, "payment:credit_cards": null, "payment:debit_cards": null, "check_date": null, "education": null, "grades": null, "alt_name": null, "name:ml": null, "platforms": null, "wikipedia": null, "building": null, "designation": null, "local_ref": null, "atm": null, "brand:wikidata": "Q2208025", "brand:wikipedia": "en:STA Travel", "operator:wikidata": null, "short_name": null, "brand:en": null, "currency:INR": null, "drive_through": null, "indoor": null, "note": null, "operator:en": null, "operator:wikipedia": null, "fixme": null, "cuisine": null, "diet:vegetarian": null, "smoking": null, "cash_in": null, "currency:Rs": null, "bench": null, "lit": null, "shelter": null, "payment:google_pay": null, "area": null, "layer": null, "check_date:opening_hours": null, "level": null, "bin": null }, "geometry": { "type": "Point", "coordinates": [ 78.0748973, 10.9596261 ] } },
{ "type": "Feature", "properties": { "element": "node", "id": 8097127387, "shop": "bakery", "addr:district": null, "addr:full": null, "addr:postcode": null, "addr:state": null, "addr:subdistrict": null, "amenity": null, "name": "mani bakery", "source": null, "addr:block": null, "healthcare": null, "bus": null, "highway": null, "name:en": null, "public_transport": null, "addr:street": null, "contact:instagram": null, "email": null, "internet_access": null, "opening_hours": null, "phone": null, "name:ta": null, "network": null, "operator": null, "railway": null, "ref": null, "wikidata": null, "brand": null, "branch": null, "addr:city": null, "government": null, "office": null, "website": null, "train": null, "addr:housenumber": null, "contact:mobile": null, "payment:cash": null, "payment:credit_cards": null, "payment:debit_cards": null, "check_date": null, "education": null, "grades": null, "alt_name": null, "name:ml": null, "platforms": null, "wikipedia": null, "building": null, "designation": null, "local_ref": null, "atm": null, "brand:wikidata": null, "brand:wikipedia": null, "operator:wikidata": null, "short_name": null, "brand:en": null, "currency:INR": null, "drive_through": null, "indoor": null, "note": null, "operator:en": null, "operator:wikipedia": null, "fixme": null, "cuisine": null, "diet:vegetarian": null, "smoking": null, "cash_in": null, "currency:Rs": null, "bench": null, "lit": null, "shelter": null, "payment:google_pay": null, "area": null, "layer": null, "check_date:opening_hours": null, "level": null, "bin": null }, "geometry": { "type": "Point", "coordinates": [ 78.0604246, 10.9629084 ] } },
{ "type": "Feature", "properties": { "element": "node", "id": 8097134866, "shop": "motorcycle_repair", "addr:district": null, "addr:full": null, "addr:postcode": null, "addr:state": null, "addr:subdistrict": null, "amenity": null, "name": "VKG motors", "source": null, "addr:block": null, "healthcare": null, "bus": null, "highway": null, "name:en": null, "public_transport": null, "addr:street": null, "contact:instagram": null, "email": null, "internet_access": null, "opening_hours": null, "phone": null, "name:ta": null, "network": null, "operator": null, "railway": null, "ref": null, "wikidata": null, "brand": null, "branch": null, "addr:city": null, "government": null, "office": null, "website": null, "train": null, "addr:housenumber": null, "contact:mobile": null, "payment:cash": null, "payment:credit_cards": null, "payment:debit_cards": null, "check_date": null, "education": null, "grades": null, "alt_name": null, "name:ml": null, "platforms": null, "wikipedia": null, "building": null, "designation": null, "local_ref": null, "atm": null, "brand:wikidata": null, "brand:wikipedia": null, "operator:wikidata": null, "short_name": null, "brand:en": null, "currency:INR": null, "drive_through": null, "indoor": null, "note": null, "operator:en": null, "operator:wikipedia": null, "fixme": null, "cuisine": null, "diet:vegetarian": null, "smoking": null, "cash_in": null, "currency:Rs": null, "bench": null, "lit": null, "shelter": null, "payment:google_pay": null, "area": null, "layer": null, "check_date:opening_hours": null, "level": null, "bin": null }, "geometry": { "type": "Point", "coordinates": [ 78.0585477, 10.9485049 ] } },
{ "type": "Feature", "properties": { "element": "node", "id": 8097139456, "shop": "mall", "addr:district": null, "addr:full": null, "addr:postcode": null, "addr:state": null, "addr:subdistrict": null, "amenity": null, "name": "perrys plaza", "source": null, "addr:block": null, "healthcare": null, "bus": null, "highway": null, "name:en": null, "public_transport": null, "addr:street": null, "contact:instagram": null, "email": null, "internet_access": null, "opening_hours": null, "phone": null, "name:ta": null, "network": null, "operator": null, "railway": null, "ref": null, "wikidata": null, "brand": null, "branch": null, "addr:city": null, "government": null, "office": null, "website": null, "train": null, "addr:housenumber": null, "contact:mobile": null, "payment:cash": null, "payment:credit_cards": null, "payment:debit_cards": null, "check_date": null, "education": null, "grades": null, "alt_name": null, "name:ml": null, "platforms": null, "wikipedia": null, "building": null, "designation": null, "local_ref": null, "atm": null, "brand:wikidata": null, "brand:wikipedia": null, "operator:wikidata": null, "short_name": null, "brand:en": null, "currency:INR": null, "drive_through": null, "indoor": null, "note": null, "operator:en": null, "operator:wikipedia": null, "fixme": null, "cuisine": null, "diet:vegetarian": null, "smoking": null, "cash_in": null, "currency:Rs": null, "bench": null, "lit": null, "shelter": null, "payment:google_pay": null, "area": null, "layer": null, "check_date:opening_hours": null, "level": null, "bin": null }, "geometry": { "type": "Point", "coordinates": [ 78.0742517, 10.9594054 ] } },
{ "type": "Feature", "properties": { "element": "node", "id": 8097164340, "shop": null, "addr:district": null, "addr:full": null, "addr:postcode": null, "addr:state": null, "addr:subdistrict": null, "amenity": "college", "name": "valluvar catering", "source": null, "addr:block": null, "healthcare": null, "bus": null, "highway": null, "name:en": null, "public_transport": null, "addr:street": null, "contact:instagram": null, "email": null, "internet_access": null, "opening_hours": null, "phone": null, "name:ta": null, "network": null, "operator": null, "railway": null, "ref": null, "wikidata": null, "brand": null, "branch": null, "addr:city": null, "government": null, "office": null, "website": null, "train": null, "addr:housenumber": null, "contact:mobile": null, "payment:cash": null, "payment:credit_cards": null, "payment:debit_cards": null, "check_date": null, "education": null, "grades": null, "alt_name": null, "name:ml": null, "platforms": null, "wikipedia": null, "building": null, "designation": null, "local_ref": null, "atm": null, "brand:wikidata": null, "brand:wikipedia": null, "operator:wikidata": null, "short_name": null, "brand:en": null, "currency:INR": null, "drive_through": null, "indoor": null, "note": null, "operator:en": null, "operator:wikipedia": null, "fixme": null, "cuisine": null, "diet:vegetarian": null, "smoking": null, "cash_in": null, "currency:Rs": null, "bench": null, "lit": null, "shelter": null, "payment:google_pay": null, "area": null, "layer": null, "check_date:opening_hours": null, "level": null, "bin": null }, "geometry": { "type": "Point", "coordinates": [ 78.0606583, 10.9553473 ] } },
{ "type": "Feature", "properties": { "element": "node", "id": 8097170781, "shop": "mall", "addr:district": null, "addr:full": null, "addr:postcode": null, "addr:state": null, "addr:subdistrict": null, "amenity": null, "name": "reliance trends", "source": null, "addr:block": null, "healthcare": null, "bus": null, "highway": null, "name:en": null, "public_transport": null, "addr:street": null, "contact:instagram": null, "email": null, "internet_access": null, "opening_hours": null, "phone": null, "name:ta": null, "network": null, "operator": null, "railway": null, "ref": null, "wikidata": null, "brand": null, "branch": null, "addr:city": null, "government": null, "office": null, "website": null, "train": null, "addr:housenumber": null, "contact:mobile": null, "payment:cash": null, "payment:credit_cards": null, "payment:debit_cards": null, "check_date": null, "education": null, "grades": null, "alt_name": null, "name:ml": null, "platforms": null, "wikipedia": null, "building": null, "designation": null, "local_ref": null, "atm": null, "brand:wikidata": null, "brand:wikipedia": null, "operator:wikidata": null, "short_name": null, "brand:en": null, "currency:INR": null, "drive_through": null, "indoor": null, "note": null, "operator:en": null, "operator:wikipedia": null, "fixme": null, "cuisine": null, "diet:vegetarian": null, "smoking": null, "cash_in": null, "currency:Rs": null, "bench": null, "lit": null, "shelter": null, "payment:google_pay": null, "area": null, "layer": null, "check_date:opening_hours": null, "level": null, "bin": null }, "geometry": { "type": "Point", "coordinates": [ 78.0663462, 10.9613308 ] } },
{ "type": "Feature", "properties": { "element": "node", "id": 8097189827, "shop": "motorcycle", "addr:district": null, "addr:full": null, "addr:postcode": null, "addr:state": null, "addr:subdistrict": null, "amenity": null, "name": "royal enfield showroom", "source": null, "addr:block": null, "healthcare": null, "bus": null, "highway": null, "name:en": null, "public_transport": null, "addr:street": null, "contact:instagram": null, "email": null, "internet_access": null, "opening_hours": null, "phone": null, "name:ta": null, "network": null, "operator": null, "railway": null, "ref": null, "wikidata": null, "brand": null, "branch": null, "addr:city": null, "government": null, "office": null, "website": null, "train": null, "addr:housenumber": null, "contact:mobile": null, "payment:cash": null, "payment:credit_cards": null, "payment:debit_cards": null, "check_date": null, "education": null, "grades": null, "alt_name": null, "name:ml": null, "platforms": null, "wikipedia": null, "building": null, "designation": null, "local_ref": null, "atm": null, "brand:wikidata": null, "brand:wikipedia": null, "operator:wikidata": null, "short_name": null, "brand:en": null, "currency:INR": null, "drive_through": null, "indoor": null, "note": null, "operator:en": null, "operator:wikipedia": null, "fixme": null, "cuisine": null, "diet:vegetarian": null, "smoking": null, "cash_in": null, "currency:Rs": null, "bench": null, "lit": null, "shelter": null, "payment:google_pay": null, "area": null, "layer": null, "check_date:opening_hours": null, "level": null, "bin": null }, "geometry": { "type": "Point", "coordinates": [ 78.0586648, 10.9490252 ] } },
{ "type": "Feature", "properties": { "element": "node", "id": 8097201067, "shop": "travel_agency", "addr:district": null, "addr:full": null, "addr:postcode": null, "addr:state": null, "addr:subdistrict": null, "amenity": null, "name": "praveen travels", "source": null, "addr:block": null, "healthcare": null, "bus": null, "highway": null, "name:en": null, "public_transport": null, "addr:street": null, "contact:instagram": null, "email": null, "internet_access": null, "opening_hours": null, "phone": null, "name:ta": null, "network": null, "operator": null, "railway": null, "ref": null, "wikidata": null, "brand": null, "branch": null, "addr:city": null, "government": null, "office": null, "website": null, "train": null, "addr:housenumber": null, "contact:mobile": null, "payment:cash": null, "payment:credit_cards": null, "payment:debit_cards": null, "check_date": null, "education": null, "grades": null, "alt_name": null, "name:ml": null, "platforms": null, "wikipedia": null, "building": null, "designation": null, "local_ref": null, "atm": null, "brand:wikidata": null, "brand:wikipedia": null, "operator:wikidata": null, "short_name": null, "brand:en": null, "currency:INR": null, "drive_through": null, "indoor": null, "note": null, "operator:en": null, "operator:wikipedia": null, "fixme": null, "cuisine": null, "diet:vegetarian": null, "smoking": null, "cash_in": null, "currency:Rs": null, "bench": null, "lit": null, "shelter": null, "payment:google_pay": null, "area": null, "layer": null, "check_date:opening_hours": null, "level": null, "bin": null }, "geometry": { "type": "Point", "coordinates": [ 78.0712607, 10.9604509 ] } },
{ "type": "Feature", "properties": { "element": "node", "id": 8097202989, "shop": "mall", "addr:district": null, "addr:full": null, "addr:postcode": null, "addr:state": null, "addr:subdistrict": null, "amenity": null, "name": "pazhamudir nilaiyam", "source": null, "addr:block": null, "healthcare": null, "bus": null, "highway": null, "name:en": null, "public_transport": null, "addr:street": null, "contact:instagram": null, "email": null, "internet_access": null, "opening_hours": null, "phone": null, "name:ta": null, "network": null, "operator": null, "railway": null, "ref": null, "wikidata": null, "brand": null, "branch": null, "addr:city": null, "government": null, "office": null, "website": null, "train": null, "addr:housenumber": null, "contact:mobile": null, "payment:cash": null, "payment:credit_cards": null, "payment:debit_cards": null, "check_date": null, "education": null, "grades": null, "alt_name": null, "name:ml": null, "platforms": null, "wikipedia": null, "building": null, "designation": null, "local_ref": null, "atm": null, "brand:wikidata": null, "brand:wikipedia": null, "operator:wikidata": null, "short_name": null, "brand:en": null, "currency:INR": null, "drive_through": null, "indoor": null, "note": null, "operator:en": null, "operator:wikipedia": null, "fixme": null, "cuisine": null, "diet:vegetarian": null, "smoking": null, "cash_in": null, "currency:Rs": null, "bench": null, "lit": null, "shelter": null, "payment:google_pay": null, "area": null, "layer": null, "check_date:opening_hours": null, "level": null, "bin": null }, "geometry": { "type": "Point", "coordinates": [ 78.0663579, 10.960948 ] } },
{ "type": "Feature", "properties": { "element": "node", "id": 8097213567, "shop": "bakery", "addr:district": null, "addr:full": null, "addr:postcode": null, "addr:state": null, "addr:subdistrict": null, "amenity": null, "name": "sumathy sweets", "source": null, "addr:block": null, "healthcare": null, "bus": null, "highway": null, "name:en": null, "public_transport": null, "addr:street": null, "contact:instagram": null, "email": null, "internet_access": null, "opening_hours": null, "phone": null, "name:ta": null, "network": null, "operator": null, "railway": null, "ref": null, "wikidata": null, "brand": null, "branch": null, "addr:city": null, "government": null, "office": null, "website": null, "train": null, "addr:housenumber": null, "contact:mobile": null, "payment:cash": null, "payment:credit_cards": null, "payment:debit_cards": null, "check_date": null, "education": null, "grades": null, "alt_name": null, "name:ml": null, "platforms": null, "wikipedia": null, "building": null, "designation": null, "local_ref": null, "atm": null, "brand:wikidata": null, "brand:wikipedia": null, "operator:wikidata": null, "short_name": null, "brand:en": null, "currency:INR": null, "drive_through": null, "indoor": null, "note": null, "operator:en": null, "operator:wikipedia": null, "fixme": null, "cuisine": null, "diet:vegetarian": null, "smoking": null, "cash_in": null, "currency:Rs": null, "bench": null, "lit": null, "shelter": null, "payment:google_pay": null, "area": null, "layer": null, "check_date:opening_hours": null, "level": null, "bin": null }, "geometry": { "type": "Point", "coordinates": [ 78.073056, 10.9597428 ] } },
{ "type": "Feature", "properties": { "element": "node", "id": 8097216740, "shop": "bakery", "addr:district": null, "addr:full": null, "addr:postcode": null, "addr:state": null, "addr:subdistrict": null, "amenity": null, "name": "delhi sweets", "source": null, "addr:block": null, "healthcare": null, "bus": null, "highway": null, "name:en": null, "public_transport": null, "addr:street": null, "contact:instagram": null, "email": null, "internet_access": null, "opening_hours": null, "phone": null, "name:ta": null, "network": null, "operator": null, "railway": null, "ref": null, "wikidata": null, "brand": null, "branch": null, "addr:city": null, "government": null, "office": null, "website": null, "train": null, "addr:housenumber": null, "contact:mobile": null, "payment:cash": null, "payment:credit_cards": null, "payment:debit_cards": null, "check_date": null, "education": null, "grades": null, "alt_name": null, "name:ml": null, "platforms": null, "wikipedia": null, "building": null, "designation": null, "local_ref": null, "atm": null, "brand:wikidata": null, "brand:wikipedia": null, "operator:wikidata": null, "short_name": null, "brand:en": null, "currency:INR": null, "drive_through": null, "indoor": null, "note": null, "operator:en": null, "operator:wikipedia": null, "fixme": null, "cuisine": null, "diet:vegetarian": null, "smoking": null, "cash_in": null, "currency:Rs": null, "bench": null, "lit": null, "shelter": null, "payment:google_pay": null, "area": null, "layer": null, "check_date:opening_hours": null, "level": null, "bin": null }, "geometry": { "type": "Point", "coordinates": [ 78.0734352, 10.9596852 ] } },
{ "type": "Feature", "properties": { "element": "node", "id": 8097222878, "shop": "bakery", "addr:district": null, "addr:full": null, "addr:postcode": null, "addr:state": null, "addr:subdistrict": null, "amenity": null, "name": "delhi sweets", "source": null, "addr:block": null, "healthcare": null, "bus": null, "highway": null, "name:en": null, "public_transport": null, "addr:street": null, "contact:instagram": null, "email": null, "internet_access": null, "opening_hours": null, "phone": null, "name:ta": null, "network": null, "operator": null, "railway": null, "ref": null, "wikidata": null, "brand": null, "branch": null, "addr:city": null, "government": null, "office": null, "website": null, "train": null, "addr:housenumber": null, "contact:mobile": null, "payment:cash": null, "payment:credit_cards": null, "payment:debit_cards": null, "check_date": null, "education": null, "grades": null, "alt_name": null, "name:ml": null, "platforms": null, "wikipedia": null, "building": null, "designation": null, "local_ref": null, "atm": null, "brand:wikidata": null, "brand:wikipedia": null, "operator:wikidata": null, "short_name": null, "brand:en": null, "currency:INR": null, "drive_through": null, "indoor": null, "note": null, "operator:en": null, "operator:wikipedia": null, "fixme": null, "cuisine": null, "diet:vegetarian": null, "smoking": null, "cash_in": null, "currency:Rs": null, "bench": null, "lit": null, "shelter": null, "payment:google_pay": null, "area": null, "layer": null, "check_date:opening_hours": null, "level": null, "bin": null }, "geometry": { "type": "Point", "coordinates": [ 78.0759344, 10.9589765 ] } },
{ "type": "Feature", "properties": { "element": "node", "id": 8107760071, "shop": "motorcycle", "addr:district": null, "addr:full": null, "addr:postcode": null, "addr:state": null, "addr:subdistrict": null, "amenity": null, "name": "chakra Honda", "source": null, "addr:block": null, "healthcare": null, "bus": null, "highway": null, "name:en": null, "public_transport": null, "addr:street": null, "contact:instagram": null, "email": null, "internet_access": null, "opening_hours": null, "phone": null, "name:ta": null, "network": null, "operator": null, "railway": null, "ref": null, "wikidata": null, "brand": "Honda", "branch": null, "addr:city": null, "government": null, "office": null, "website": null, "train": null, "addr:housenumber": null, "contact:mobile": null, "payment:cash": null, "payment:credit_cards": null, "payment:debit_cards": null, "check_date": null, "education": null, "grades": null, "alt_name": null, "name:ml": null, "platforms": null, "wikipedia": null, "building": null, "designation": null, "local_ref": null, "atm": null, "brand:wikidata": "Q9584", "brand:wikipedia": "en:Honda", "operator:wikidata": null, "short_name": null, "brand:en": null, "currency:INR": null, "drive_through": null, "indoor": null, "note": null, "operator:en": null, "operator:wikipedia": null, "fixme": null, "cuisine": null, "diet:vegetarian": null, "smoking": null, "cash_in": null, "currency:Rs": null, "bench": null, "lit": null, "shelter": null, "payment:google_pay": null, "area": null, "layer": null, "check_date:opening_hours": null, "level": null, "bin": null }, "geometry": { "type": "Point", "coordinates": [ 78.0596435, 10.9629445 ] } },
{ "type": "Feature", "properties": { "element": "node", "id": 8107770601, "shop": "bakery", "addr:district": null, "addr:full": null, "addr:postcode": null, "addr:state": null, "addr:subdistrict": null, "amenity": null, "name": "sk velu tea stall bakery", "source": null, "addr:block": null, "healthcare": null, "bus": null, "highway": null, "name:en": null, "public_transport": null, "addr:street": null, "contact:instagram": null, "email": null, "internet_access": null, "opening_hours": null, "phone": null, "name:ta": null, "network": null, "operator": null, "railway": null, "ref": null, "wikidata": null, "brand": null, "branch": null, "addr:city": null, "government": null, "office": null, "website": null, "train": null, "addr:housenumber": null, "contact:mobile": null, "payment:cash": null, "payment:credit_cards": null, "payment:debit_cards": null, "check_date": null, "education": null, "grades": null, "alt_name": null, "name:ml": null, "platforms": null, "wikipedia": null, "building": null, "designation": null, "local_ref": null, "atm": null, "brand:wikidata": null, "brand:wikipedia": null, "operator:wikidata": null, "short_name": null, "brand:en": null, "currency:INR": null, "drive_through": null, "indoor": null, "note": null, "operator:en": null, "operator:wikipedia": null, "fixme": null, "cuisine": null, "diet:vegetarian": null, "smoking": null, "cash_in": null, "currency:Rs": null, "bench": null, "lit": null, "shelter": null, "payment:google_pay": null, "area": null, "layer": null, "check_date:opening_hours": null, "level": null, "bin": null }, "geometry": { "type": "Point", "coordinates": [ 78.052358, 10.9660322 ] } },
{ "type": "Feature", "properties": { "element": "node", "id": 8107877713, "shop": "tea", "addr:district": null, "addr:full": null, "addr:postcode": null, "addr:state": null, "addr:subdistrict": null, "amenity": null, "name": "sri arunachala tea stall", "source": null, "addr:block": null, "healthcare": null, "bus": null, "highway": null, "name:en": null, "public_transport": null, "addr:street": null, "contact:instagram": null, "email": null, "internet_access": null, "opening_hours": null, "phone": null, "name:ta": null, "network": null, "operator": null, "railway": null, "ref": null, "wikidata": null, "brand": null, "branch": null, "addr:city": null, "government": null, "office": null, "website": null, "train": null, "addr:housenumber": null, "contact:mobile": null, "payment:cash": null, "payment:credit_cards": null, "payment:debit_cards": null, "check_date": null, "education": null, "grades": null, "alt_name": null, "name:ml": null, "platforms": null, "wikipedia": null, "building": null, "designation": null, "local_ref": null, "atm": null, "brand:wikidata": null, "brand:wikipedia": null, "operator:wikidata": null, "short_name": null, "brand:en": null, "currency:INR": null, "drive_through": null, "indoor": null, "note": null, "operator:en": null, "operator:wikipedia": null, "fixme": null, "cuisine": null, "diet:vegetarian": null, "smoking": null, "cash_in": null, "currency:Rs": null, "bench": null, "lit": null, "shelter": null, "payment:google_pay": null, "area": null, "layer": null, "check_date:opening_hours": null, "level": null, "bin": null }, "geometry": { "type": "Point", "coordinates": [ 78.0089188, 11.0745341 ] } },
{ "type": "Feature", "properties": { "element": "node", "id": 8107918393, "shop": "bakery", "addr:district": null, "addr:full": null, "addr:postcode": null, "addr:state": null, "addr:subdistrict": null, "amenity": null, "name": "iyangaaran bakery", "source": null, "addr:block": null, "healthcare": null, "bus": null, "highway": null, "name:en": null, "public_transport": null, "addr:street": null, "contact:instagram": null, "email": null, "internet_access": null, "opening_hours": null, "phone": null, "name:ta": null, "network": null, "operator": null, "railway": null, "ref": null, "wikidata": null, "brand": null, "branch": null, "addr:city": null, "government": null, "office": null, "website": null, "train": null, "addr:housenumber": null, "contact:mobile": null, "payment:cash": null, "payment:credit_cards": null, "payment:debit_cards": null, "check_date": null, "education": null, "grades": null, "alt_name": null, "name:ml": null, "platforms": null, "wikipedia": null, "building": null, "designation": null, "local_ref": null, "atm": null, "brand:wikidata": null, "brand:wikipedia": null, "operator:wikidata": null, "short_name": null, "brand:en": null, "currency:INR": null, "drive_through": null, "indoor": null, "note": null, "operator:en": null, "operator:wikipedia": null, "fixme": null, "cuisine": null, "diet:vegetarian": null, "smoking": null, "cash_in": null, "currency:Rs": null, "bench": null, "lit": null, "shelter": null, "payment:google_pay": null, "area": null, "layer": null, "check_date:opening_hours": null, "level": null, "bin": null }, "geometry": { "type": "Point", "coordinates": [ 78.0087806, 11.0744135 ] } },
{ "type": "Feature", "properties": { "element": "node", "id": 8107920213, "shop": null, "addr:district": null, "addr:full": null, "addr:postcode": null, "addr:state": null, "addr:subdistrict": null, "amenity": "bank", "name": "lakshmi vilas bank", "source": null, "addr:block": null, "healthcare": null, "bus": null, "highway": null, "name:en": null, "public_transport": null, "addr:street": null, "contact:instagram": null, "email": null, "internet_access": null, "opening_hours": null, "phone": null, "name:ta": null, "network": null, "operator": null, "railway": null, "ref": null, "wikidata": null, "brand": null, "branch": null, "addr:city": null, "government": null, "office": null, "website": null, "train": null, "addr:housenumber": null, "contact:mobile": null, "payment:cash": null, "payment:credit_cards": null, "payment:debit_cards": null, "check_date": null, "education": null, "grades": null, "alt_name": null, "name:ml": null, "platforms": null, "wikipedia": null, "building": null, "designation": null, "local_ref": null, "atm": null, "brand:wikidata": null, "brand:wikipedia": null, "operator:wikidata": null, "short_name": null, "brand:en": null, "currency:INR": null, "drive_through": null, "indoor": null, "note": null, "operator:en": null, "operator:wikipedia": null, "fixme": null, "cuisine": null, "diet:vegetarian": null, "smoking": null, "cash_in": null, "currency:Rs": null, "bench": null, "lit": null, "shelter": null, "payment:google_pay": null, "area": null, "layer": null, "check_date:opening_hours": null, "level": null, "bin": null }, "geometry": { "type": "Point", "coordinates": [ 78.0079365, 11.0756271 ] } },
{ "type": "Feature", "properties": { "element": "node", "id": 8107920564, "shop": "tea", "addr:district": null, "addr:full": null, "addr:postcode": null, "addr:state": null, "addr:subdistrict": null, "amenity": null, "name": "aathibagavan tea stall", "source": null, "addr:block": null, "healthcare": null, "bus": null, "highway": null, "name:en": null, "public_transport": null, "addr:street": null, "contact:instagram": null, "email": null, "internet_access": null, "opening_hours": null, "phone": null, "name:ta": null, "network": null, "operator": null, "railway": null, "ref": null, "wikidata": null, "brand": null, "branch": null, "addr:city": null, "government": null, "office": null, "website": null, "train": null, "addr:housenumber": null, "contact:mobile": null, "payment:cash": null, "payment:credit_cards": null, "payment:debit_cards": null, "check_date": null, "education": null, "grades": null, "alt_name": null, "name:ml": null, "platforms": null, "wikipedia": null, "building": null, "designation": null, "local_ref": null, "atm": null, "brand:wikidata": null, "brand:wikipedia": null, "operator:wikidata": null, "short_name": null, "brand:en": null, "currency:INR": null, "drive_through": null, "indoor": null, "note": null, "operator:en": null, "operator:wikipedia": null, "fixme": null, "cuisine": null, "diet:vegetarian": null, "smoking": null, "cash_in": null, "currency:Rs": null, "bench": null, "lit": null, "shelter": null, "payment:google_pay": null, "area": null, "layer": null, "check_date:opening_hours": null, "level": null, "bin": null }, "geometry": { "type": "Point", "coordinates": [ 78.008555, 11.0747575 ] } },
{ "type": "Feature", "properties": { "element": "node", "id": 8107926864, "shop": null, "addr:district": null, "addr:full": null, "addr:postcode": null, "addr:state": null, "addr:subdistrict": null, "amenity": "atm", "name": "Karur Vysya Bank", "source": null, "addr:block": null, "healthcare": null, "bus": null, "highway": null, "name:en": null, "public_transport": null, "addr:street": null, "contact:instagram": null, "email": null, "internet_access": null, "opening_hours": null, "phone": null, "name:ta": null, "network": null, "operator": "Karur Vysya Bank", "railway": null, "ref": null, "wikidata": null, "brand": "Karur Vysya Bank", "branch": null, "addr:city": null, "government": null, "office": null, "website": null, "train": null, "addr:housenumber": null, "contact:mobile": null, "payment:cash": null, "payment:credit_cards": null, "payment:debit_cards": null, "check_date": null, "education": null, "grades": null, "alt_name": null, "name:ml": null, "platforms": null, "wikipedia": null, "building": null, "designation": null, "local_ref": null, "atm": null, "brand:wikidata": "Q6373724", "brand:wikipedia": null, "operator:wikidata": "Q6373724", "short_name": null, "brand:en": null, "currency:INR": null, "drive_through": null, "indoor": null, "note": null, "operator:en": null, "operator:wikipedia": null, "fixme": null, "cuisine": null, "diet:vegetarian": null, "smoking": null, "cash_in": null, "currency:Rs": null, "bench": null, "lit": null, "shelter": null, "payment:google_pay": null, "area": null, "layer": null, "check_date:opening_hours": null, "level": null, "bin": null }, "geometry": { "type": "Point", "coordinates": [ 78.0489409, 10.9678901 ] } },
{ "type": "Feature", "properties": { "element": "node", "id": 8107926865, "shop": "bakery", "addr:district": null, "addr:full": null, "addr:postcode": null, "addr:state": null, "addr:subdistrict": null, "amenity": null, "name": "palaniyappa tea stall", "source": null, "addr:block": null, "healthcare": null, "bus": null, "highway": null, "name:en": null, "public_transport": null, "addr:street": null, "contact:instagram": null, "email": null, "internet_access": null, "opening_hours": null, "phone": null, "name:ta": null, "network": null, "operator": null, "railway": null, "ref": null, "wikidata": null, "brand": null, "branch": null, "addr:city": null, "government": null, "office": null, "website": null, "train": null, "addr:housenumber": null, "contact:mobile": null, "payment:cash": null, "payment:credit_cards": null, "payment:debit_cards": null, "check_date": null, "education": null, "grades": null, "alt_name": null, "name:ml": null, "platforms": null, "wikipedia": null, "building": null, "designation": null, "local_ref": null, "atm": null, "brand:wikidata": null, "brand:wikipedia": null, "operator:wikidata": null, "short_name": null, "brand:en": null, "currency:INR": null, "drive_through": null, "indoor": null, "note": null, "operator:en": null, "operator:wikipedia": null, "fixme": null, "cuisine": null, "diet:vegetarian": null, "smoking": null, "cash_in": null, "currency:Rs": null, "bench": null, "lit": null, "shelter": null, "payment:google_pay": null, "area": null, "layer": null, "check_date:opening_hours": null, "level": null, "bin": null }, "geometry": { "type": "Point", "coordinates": [ 78.0487214, 10.9682294 ] } },
{ "type": "Feature", "properties": { "element": "node", "id": 8107926866, "shop": null, "addr:district": null, "addr:full": null, "addr:postcode": null, "addr:state": null, "addr:subdistrict": null, "amenity": "atm", "name": null, "source": null, "addr:block": null, "healthcare": null, "bus": null, "highway": null, "name:en": null, "public_transport": null, "addr:street": null, "contact:instagram": null, "email": null, "internet_access": null, "opening_hours": null, "phone": null, "name:ta": null, "network": null, "operator": null, "railway": null, "ref": null, "wikidata": null, "brand": null, "branch": null, "addr:city": null, "government": null, "office": null, "website": null, "train": null, "addr:housenumber": null, "contact:mobile": null, "payment:cash": null, "payment:credit_cards": null, "payment:debit_cards": null, "check_date": null, "education": null, "grades": null, "alt_name": null, "name:ml": null, "platforms": null, "wikipedia": null, "building": null, "designation": null, "local_ref": null, "atm": null, "brand:wikidata": null, "brand:wikipedia": null, "operator:wikidata": null, "short_name": null, "brand:en": null, "currency:INR": null, "drive_through": null, "indoor": null, "note": null, "operator:en": null, "operator:wikipedia": null, "fixme": null, "cuisine": null, "diet:vegetarian": null, "smoking": null, "cash_in": null, "currency:Rs": null, "bench": null, "lit": null, "shelter": null, "payment:google_pay": null, "area": null, "layer": null, "check_date:opening_hours": null, "level": null, "bin": null }, "geometry": { "type": "Point", "coordinates": [ 78.0489918, 10.9680817 ] } },
{ "type": "Feature", "properties": { "element": "node", "id": 8107926867, "shop": "fishing", "addr:district": null, "addr:full": null, "addr:postcode": null, "addr:state": null, "addr:subdistrict": null, "amenity": null, "name": "thuthukudi kadal meean kadai", "source": null, "addr:block": null, "healthcare": null, "bus": null, "highway": null, "name:en": null, "public_transport": null, "addr:street": null, "contact:instagram": null, "email": null, "internet_access": null, "opening_hours": null, "phone": null, "name:ta": null, "network": null, "operator": null, "railway": null, "ref": null, "wikidata": null, "brand": null, "branch": null, "addr:city": null, "government": null, "office": null, "website": null, "train": null, "addr:housenumber": null, "contact:mobile": null, "payment:cash": null, "payment:credit_cards": null, "payment:debit_cards": null, "check_date": null, "education": null, "grades": null, "alt_name": null, "name:ml": null, "platforms": null, "wikipedia": null, "building": null, "designation": null, "local_ref": null, "atm": null, "brand:wikidata": null, "brand:wikipedia": null, "operator:wikidata": null, "short_name": null, "brand:en": null, "currency:INR": null, "drive_through": null, "indoor": null, "note": null, "operator:en": null, "operator:wikipedia": null, "fixme": null, "cuisine": null, "diet:vegetarian": null, "smoking": null, "cash_in": null, "currency:Rs": null, "bench": null, "lit": null, "shelter": null, "payment:google_pay": null, "area": null, "layer": null, "check_date:opening_hours": null, "level": null, "bin": null }, "geometry": { "type": "Point", "coordinates": [ 78.0492987, 10.9677464 ] } },
{ "type": "Feature", "properties": { "element": "node", "id": 8107926868, "shop": "clothes", "addr:district": null, "addr:full": null, "addr:postcode": null, "addr:state": null, "addr:subdistrict": null, "amenity": null, "name": "sun fancy dress", "source": null, "addr:block": null, "healthcare": null, "bus": null, "highway": null, "name:en": null, "public_transport": null, "addr:street": null, "contact:instagram": null, "email": null, "internet_access": null, "opening_hours": null, "phone": null, "name:ta": null, "network": null, "operator": null, "railway": null, "ref": null, "wikidata": null, "brand": null, "branch": null, "addr:city": null, "government": null, "office": null, "website": null, "train": null, "addr:housenumber": null, "contact:mobile": null, "payment:cash": null, "payment:credit_cards": null, "payment:debit_cards": null, "check_date": null, "education": null, "grades": null, "alt_name": null, "name:ml": null, "platforms": null, "wikipedia": null, "building": null, "designation": null, "local_ref": null, "atm": null, "brand:wikidata": null, "brand:wikipedia": null, "operator:wikidata": null, "short_name": null, "brand:en": null, "currency:INR": null, "drive_through": null, "indoor": null, "note": null, "operator:en": null, "operator:wikipedia": null, "fixme": null, "cuisine": null, "diet:vegetarian": null, "smoking": null, "cash_in": null, "currency:Rs": null, "bench": null, "lit": null, "shelter": null, "payment:google_pay": null, "area": null, "layer": null, "check_date:opening_hours": null, "level": null, "bin": null }, "geometry": { "type": "Point", "coordinates": [ 78.0479795, 10.9683431 ] } },
{ "type": "Feature", "properties": { "element": "node", "id": 8107926872, "shop": "car_repair", "addr:district": null, "addr:full": null, "addr:postcode": null, "addr:state": null, "addr:subdistrict": null, "amenity": null, "name": "F1 cars", "source": null, "addr:block": null, "healthcare": null, "bus": null, "highway": null, "name:en": null, "public_transport": null, "addr:street": null, "contact:instagram": null, "email": null, "internet_access": null, "opening_hours": null, "phone": null, "name:ta": null, "network": null, "operator": null, "railway": null, "ref": null, "wikidata": null, "brand": null, "branch": null, "addr:city": null, "government": null, "office": null, "website": null, "train": null, "addr:housenumber": null, "contact:mobile": null, "payment:cash": null, "payment:credit_cards": null, "payment:debit_cards": null, "check_date": null, "education": null, "grades": null, "alt_name": null, "name:ml": null, "platforms": null, "wikipedia": null, "building": null, "designation": null, "local_ref": null, "atm": null, "brand:wikidata": null, "brand:wikipedia": null, "operator:wikidata": null, "short_name": null, "brand:en": null, "currency:INR": null, "drive_through": null, "indoor": null, "note": null, "operator:en": null, "operator:wikipedia": null, "fixme": null, "cuisine": null, "diet:vegetarian": null, "smoking": null, "cash_in": null, "currency:Rs": null, "bench": null, "lit": null, "shelter": null, "payment:google_pay": null, "area": null, "layer": null, "check_date:opening_hours": null, "level": null, "bin": null }, "geometry": { "type": "Point", "coordinates": [ 78.0419064, 10.9720126 ] } },
{ "type": "Feature", "properties": { "element": "node", "id": 8107926874, "shop": "convenience", "addr:district": null, "addr:full": null, "addr:postcode": null, "addr:state": null, "addr:subdistrict": null, "amenity": null, "name": "super maligai store", "source": null, "addr:block": null, "healthcare": null, "bus": null, "highway": null, "name:en": null, "public_transport": null, "addr:street": null, "contact:instagram": null, "email": null, "internet_access": null, "opening_hours": null, "phone": null, "name:ta": null, "network": null, "operator": null, "railway": null, "ref": null, "wikidata": null, "brand": null, "branch": null, "addr:city": null, "government": null, "office": null, "website": null, "train": null, "addr:housenumber": null, "contact:mobile": null, "payment:cash": null, "payment:credit_cards": null, "payment:debit_cards": null, "check_date": null, "education": null, "grades": null, "alt_name": null, "name:ml": null, "platforms": null, "wikipedia": null, "building": null, "designation": null, "local_ref": null, "atm": null, "brand:wikidata": null, "brand:wikipedia": null, "operator:wikidata": null, "short_name": null, "brand:en": null, "currency:INR": null, "drive_through": null, "indoor": null, "note": null, "operator:en": null, "operator:wikipedia": null, "fixme": null, "cuisine": null, "diet:vegetarian": null, "smoking": null, "cash_in": null, "currency:Rs": null, "bench": null, "lit": null, "shelter": null, "payment:google_pay": null, "area": null, "layer": null, "check_date:opening_hours": null, "level": null, "bin": null }, "geometry": { "type": "Point", "coordinates": [ 78.0402859, 10.973515 ] } },
{ "type": "Feature", "properties": { "element": "node", "id": 8107926875, "shop": "electronics", "addr:district": null, "addr:full": null, "addr:postcode": null, "addr:state": null, "addr:subdistrict": null, "amenity": null, "name": "diya star sithu electronics", "source": null, "addr:block": null, "healthcare": null, "bus": null, "highway": null, "name:en": null, "public_transport": null, "addr:street": null, "contact:instagram": null, "email": null, "internet_access": null, "opening_hours": null, "phone": null, "name:ta": null, "network": null, "operator": null, "railway": null, "ref": null, "wikidata": null, "brand": null, "branch": null, "addr:city": null, "government": null, "office": null, "website": null, "train": null, "addr:housenumber": null, "contact:mobile": null, "payment:cash": null, "payment:credit_cards": null, "payment:debit_cards": null, "check_date": null, "education": null, "grades": null, "alt_name": null, "name:ml": null, "platforms": null, "wikipedia": null, "building": null, "designation": null, "local_ref": null, "atm": null, "brand:wikidata": null, "brand:wikipedia": null, "operator:wikidata": null, "short_name": null, "brand:en": null, "currency:INR": null, "drive_through": null, "indoor": null, "note": null, "operator:en": null, "operator:wikipedia": null, "fixme": null, "cuisine": null, "diet:vegetarian": null, "smoking": null, "cash_in": null, "currency:Rs": null, "bench": null, "lit": null, "shelter": null, "payment:google_pay": null, "area": null, "layer": null, "check_date:opening_hours": null, "level": null, "bin": null }, "geometry": { "type": "Point", "coordinates": [ 78.0388858, 10.9745031 ] } },
{ "type": "Feature", "properties": { "element": "node", "id": 8107926876, "shop": "bakery", "addr:district": null, "addr:full": null, "addr:postcode": null, "addr:state": null, "addr:subdistrict": null, "amenity": null, "name": "atchaya sweet and bakery", "source": null, "addr:block": null, "healthcare": null, "bus": null, "highway": null, "name:en": null, "public_transport": null, "addr:street": null, "contact:instagram": null, "email": null, "internet_access": null, "opening_hours": null, "phone": null, "name:ta": null, "network": null, "operator": null, "railway": null, "ref": null, "wikidata": null, "brand": null, "branch": null, "addr:city": null, "government": null, "office": null, "website": null, "train": null, "addr:housenumber": null, "contact:mobile": null, "payment:cash": null, "payment:credit_cards": null, "payment:debit_cards": null, "check_date": null, "education": null, "grades": null, "alt_name": null, "name:ml": null, "platforms": null, "wikipedia": null, "building": null, "designation": null, "local_ref": null, "atm": null, "brand:wikidata": null, "brand:wikipedia": null, "operator:wikidata": null, "short_name": null, "brand:en": null, "currency:INR": null, "drive_through": null, "indoor": null, "note": null, "operator:en": null, "operator:wikipedia": null, "fixme": null, "cuisine": null, "diet:vegetarian": null, "smoking": null, "cash_in": null, "currency:Rs": null, "bench": null, "lit": null, "shelter": null, "payment:google_pay": null, "area": null, "layer": null, "check_date:opening_hours": null, "level": null, "bin": null }, "geometry": { "type": "Point", "coordinates": [ 78.0371736, 10.9751799 ] } },
{ "type": "Feature", "properties": { "element": "node", "id": 8107926877, "shop": null, "addr:district": null, "addr:full": null, "addr:postcode": null, "addr:state": null, "addr:subdistrict": null, "amenity": "college", "name": "karur polytechnic college", "source": null, "addr:block": null, "healthcare": null, "bus": null, "highway": null, "name:en": null, "public_transport": null, "addr:street": null, "contact:instagram": null, "email": null, "internet_access": null, "opening_hours": null, "phone": null, "name:ta": null, "network": null, "operator": null, "railway": null, "ref": null, "wikidata": null, "brand": null, "branch": null, "addr:city": null, "government": null, "office": null, "website": null, "train": null, "addr:housenumber": null, "contact:mobile": null, "payment:cash": null, "payment:credit_cards": null, "payment:debit_cards": null, "check_date": null, "education": null, "grades": null, "alt_name": null, "name:ml": null, "platforms": null, "wikipedia": null, "building": null, "designation": null, "local_ref": null, "atm": null, "brand:wikidata": null, "brand:wikipedia": null, "operator:wikidata": null, "short_name": null, "brand:en": null, "currency:INR": null, "drive_through": null, "indoor": null, "note": null, "operator:en": null, "operator:wikipedia": null, "fixme": null, "cuisine": null, "diet:vegetarian": null, "smoking": null, "cash_in": null, "currency:Rs": null, "bench": null, "lit": null, "shelter": null, "payment:google_pay": null, "area": null, "layer": null, "check_date:opening_hours": null, "level": null, "bin": null }, "geometry": { "type": "Point", "coordinates": [ 78.0377642, 10.9761255 ] } },
{ "type": "Feature", "properties": { "element": "node", "id": 8107926880, "shop": "yes", "addr:district": null, "addr:full": null, "addr:postcode": null, "addr:state": null, "addr:subdistrict": null, "amenity": null, "name": "kongu steel and traders", "source": null, "addr:block": null, "healthcare": null, "bus": null, "highway": null, "name:en": null, "public_transport": null, "addr:street": null, "contact:instagram": null, "email": null, "internet_access": null, "opening_hours": null, "phone": null, "name:ta": null, "network": null, "operator": null, "railway": null, "ref": null, "wikidata": null, "brand": null, "branch": null, "addr:city": null, "government": null, "office": null, "website": null, "train": null, "addr:housenumber": null, "contact:mobile": null, "payment:cash": null, "payment:credit_cards": null, "payment:debit_cards": null, "check_date": null, "education": null, "grades": null, "alt_name": null, "name:ml": null, "platforms": null, "wikipedia": null, "building": null, "designation": null, "local_ref": null, "atm": null, "brand:wikidata": null, "brand:wikipedia": null, "operator:wikidata": null, "short_name": null, "brand:en": null, "currency:INR": null, "drive_through": null, "indoor": null, "note": null, "operator:en": null, "operator:wikipedia": null, "fixme": null, "cuisine": null, "diet:vegetarian": null, "smoking": null, "cash_in": null, "currency:Rs": null, "bench": null, "lit": null, "shelter": null, "payment:google_pay": null, "area": null, "layer": null, "check_date:opening_hours": null, "level": null, "bin": null }, "geometry": { "type": "Point", "coordinates": [ 78.0491148, 10.9642335 ] } },
{ "type": "Feature", "properties": { "element": "node", "id": 8107926884, "shop": null, "addr:district": null, "addr:full": null, "addr:postcode": null, "addr:state": null, "addr:subdistrict": null, "amenity": "atm", "name": "Karur Vysya Bank", "source": null, "addr:block": null, "healthcare": null, "bus": null, "highway": null, "name:en": null, "public_transport": null, "addr:street": null, "contact:instagram": null, "email": null, "internet_access": null, "opening_hours": null, "phone": null, "name:ta": null, "network": null, "operator": "Karur Vysya Bank", "railway": null, "ref": null, "wikidata": null, "brand": "Karur Vysya Bank", "branch": null, "addr:city": null, "government": null, "office": null, "website": null, "train": null, "addr:housenumber": null, "contact:mobile": null, "payment:cash": null, "payment:credit_cards": null, "payment:debit_cards": null, "check_date": null, "education": null, "grades": null, "alt_name": null, "name:ml": null, "platforms": null, "wikipedia": null, "building": null, "designation": null, "local_ref": null, "atm": null, "brand:wikidata": "Q6373724", "brand:wikipedia": null, "operator:wikidata": "Q6373724", "short_name": null, "brand:en": null, "currency:INR": null, "drive_through": null, "indoor": null, "note": null, "operator:en": null, "operator:wikipedia": null, "fixme": null, "cuisine": null, "diet:vegetarian": null, "smoking": null, "cash_in": null, "currency:Rs": null, "bench": null, "lit": null, "shelter": null, "payment:google_pay": null, "area": null, "layer": null, "check_date:opening_hours": null, "level": null, "bin": null }, "geometry": { "type": "Point", "coordinates": [ 78.0467886, 10.9642835 ] } },
{ "type": "Feature", "properties": { "element": "node", "id": 8107926885, "shop": "yes", "addr:district": null, "addr:full": null, "addr:postcode": null, "addr:state": null, "addr:subdistrict": null, "amenity": null, "name": "sree vigneswara granites", "source": null, "addr:block": null, "healthcare": null, "bus": null, "highway": null, "name:en": null, "public_transport": null, "addr:street": null, "contact:instagram": null, "email": null, "internet_access": null, "opening_hours": null, "phone": null, "name:ta": null, "network": null, "operator": null, "railway": null, "ref": null, "wikidata": null, "brand": null, "branch": null, "addr:city": null, "government": null, "office": null, "website": null, "train": null, "addr:housenumber": null, "contact:mobile": null, "payment:cash": null, "payment:credit_cards": null, "payment:debit_cards": null, "check_date": null, "education": null, "grades": null, "alt_name": null, "name:ml": null, "platforms": null, "wikipedia": null, "building": null, "designation": null, "local_ref": null, "atm": null, "brand:wikidata": null, "brand:wikipedia": null, "operator:wikidata": null, "short_name": null, "brand:en": null, "currency:INR": null, "drive_through": null, "indoor": null, "note": null, "operator:en": null, "operator:wikipedia": null, "fixme": null, "cuisine": null, "diet:vegetarian": null, "smoking": null, "cash_in": null, "currency:Rs": null, "bench": null, "lit": null, "shelter": null, "payment:google_pay": null, "area": null, "layer": null, "check_date:opening_hours": null, "level": null, "bin": null }, "geometry": { "type": "Point", "coordinates": [ 78.0462402, 10.9643092 ] } },
{ "type": "Feature", "properties": { "element": "node", "id": 8107926886, "shop": "yes", "addr:district": null, "addr:full": null, "addr:postcode": null, "addr:state": null, "addr:subdistrict": null, "amenity": null, "name": "karur velaan FPO", "source": null, "addr:block": null, "healthcare": null, "bus": null, "highway": null, "name:en": null, "public_transport": null, "addr:street": null, "contact:instagram": null, "email": null, "internet_access": null, "opening_hours": null, "phone": null, "name:ta": null, "network": null, "operator": null, "railway": null, "ref": null, "wikidata": null, "brand": null, "branch": null, "addr:city": null, "government": null, "office": null, "website": null, "train": null, "addr:housenumber": null, "contact:mobile": null, "payment:cash": null, "payment:credit_cards": null, "payment:debit_cards": null, "check_date": null, "education": null, "grades": null, "alt_name": null, "name:ml": null, "platforms": null, "wikipedia": null, "building": null, "designation": null, "local_ref": null, "atm": null, "brand:wikidata": null, "brand:wikipedia": null, "operator:wikidata": null, "short_name": null, "brand:en": null, "currency:INR": null, "drive_through": null, "indoor": null, "note": null, "operator:en": null, "operator:wikipedia": null, "fixme": null, "cuisine": null, "diet:vegetarian": null, "smoking": null, "cash_in": null, "currency:Rs": null, "bench": null, "lit": null, "shelter": null, "payment:google_pay": null, "area": null, "layer": null, "check_date:opening_hours": null, "level": null, "bin": null }, "geometry": { "type": "Point", "coordinates": [ 78.0457596, 10.9643213 ] } },
{ "type": "Feature", "properties": { "element": "node", "id": 8107926889, "shop": "tea", "addr:district": null, "addr:full": null, "addr:postcode": null, "addr:state": null, "addr:subdistrict": null, "amenity": null, "name": "arun tea stall", "source": null, "addr:block": null, "healthcare": null, "bus": null, "highway": null, "name:en": null, "public_transport": null, "addr:street": null, "contact:instagram": null, "email": null, "internet_access": null, "opening_hours": null, "phone": null, "name:ta": null, "network": null, "operator": null, "railway": null, "ref": null, "wikidata": null, "brand": null, "branch": null, "addr:city": null, "government": null, "office": null, "website": null, "train": null, "addr:housenumber": null, "contact:mobile": null, "payment:cash": null, "payment:credit_cards": null, "payment:debit_cards": null, "check_date": null, "education": null, "grades": null, "alt_name": null, "name:ml": null, "platforms": null, "wikipedia": null, "building": null, "designation": null, "local_ref": null, "atm": null, "brand:wikidata": null, "brand:wikipedia": null, "operator:wikidata": null, "short_name": null, "brand:en": null, "currency:INR": null, "drive_through": null, "indoor": null, "note": null, "operator:en": null, "operator:wikipedia": null, "fixme": null, "cuisine": null, "diet:vegetarian": null, "smoking": null, "cash_in": null, "currency:Rs": null, "bench": null, "lit": null, "shelter": null, "payment:google_pay": null, "area": null, "layer": null, "check_date:opening_hours": null, "level": null, "bin": null }, "geometry": { "type": "Point", "coordinates": [ 78.0424607, 10.9635436 ] } },
{ "type": "Feature", "properties": { "element": "node", "id": 8107926890, "shop": null, "addr:district": null, "addr:full": null, "addr:postcode": null, "addr:state": null, "addr:subdistrict": null, "amenity": "school", "name": "st. antonys matric hr. secondary school", "source": null, "addr:block": null, "healthcare": null, "bus": null, "highway": null, "name:en": null, "public_transport": null, "addr:street": null, "contact:instagram": null, "email": null, "internet_access": null, "opening_hours": null, "phone": null, "name:ta": null, "network": null, "operator": null, "railway": null, "ref": null, "wikidata": null, "brand": null, "branch": null, "addr:city": null, "government": null, "office": null, "website": null, "train": null, "addr:housenumber": null, "contact:mobile": null, "payment:cash": null, "payment:credit_cards": null, "payment:debit_cards": null, "check_date": null, "education": null, "grades": null, "alt_name": null, "name:ml": null, "platforms": null, "wikipedia": null, "building": null, "designation": null, "local_ref": null, "atm": null, "brand:wikidata": null, "brand:wikipedia": null, "operator:wikidata": null, "short_name": null, "brand:en": null, "currency:INR": null, "drive_through": null, "indoor": null, "note": null, "operator:en": null, "operator:wikipedia": null, "fixme": null, "cuisine": null, "diet:vegetarian": null, "smoking": null, "cash_in": null, "currency:Rs": null, "bench": null, "lit": null, "shelter": null, "payment:google_pay": null, "area": null, "layer": null, "check_date:opening_hours": null, "level": null, "bin": null }, "geometry": { "type": "Point", "coordinates": [ 78.0417919, 10.9641269 ] } },
{ "type": "Feature", "properties": { "element": "node", "id": 8107926891, "shop": "medical_supply", "addr:district": null, "addr:full": null, "addr:postcode": null, "addr:state": null, "addr:subdistrict": null, "amenity": null, "name": "radha medicals", "source": null, "addr:block": null, "healthcare": null, "bus": null, "highway": null, "name:en": null, "public_transport": null, "addr:street": null, "contact:instagram": null, "email": null, "internet_access": null, "opening_hours": null, "phone": null, "name:ta": null, "network": null, "operator": null, "railway": null, "ref": null, "wikidata": null, "brand": null, "branch": null, "addr:city": null, "government": null, "office": null, "website": null, "train": null, "addr:housenumber": null, "contact:mobile": null, "payment:cash": null, "payment:credit_cards": null, "payment:debit_cards": null, "check_date": null, "education": null, "grades": null, "alt_name": null, "name:ml": null, "platforms": null, "wikipedia": null, "building": null, "designation": null, "local_ref": null, "atm": null, "brand:wikidata": null, "brand:wikipedia": null, "operator:wikidata": null, "short_name": null, "brand:en": null, "currency:INR": null, "drive_through": null, "indoor": null, "note": null, "operator:en": null, "operator:wikipedia": null, "fixme": null, "cuisine": null, "diet:vegetarian": null, "smoking": null, "cash_in": null, "currency:Rs": null, "bench": null, "lit": null, "shelter": null, "payment:google_pay": null, "area": null, "layer": null, "check_date:opening_hours": null, "level": null, "bin": null }, "geometry": { "type": "Point", "coordinates": [ 78.0401675, 10.9632078 ] } },
{ "type": "Feature", "properties": { "element": "node", "id": 8107926892, "shop": null, "addr:district": null, "addr:full": null, "addr:postcode": null, "addr:state": null, "addr:subdistrict": null, "amenity": "bank", "name": "Indian Overseas Bank", "source": null, "addr:block": null, "healthcare": null, "bus": null, "highway": null, "name:en": null, "public_transport": null, "addr:street": null, "contact:instagram": null, "email": null, "internet_access": null, "opening_hours": null, "phone": null, "name:ta": null, "network": null, "operator": null, "railway": null, "ref": null, "wikidata": null, "brand": "Indian Overseas Bank", "branch": null, "addr:city": null, "government": null, "office": null, "website": null, "train": null, "addr:housenumber": null, "contact:mobile": null, "payment:cash": null, "payment:credit_cards": null, "payment:debit_cards": null, "check_date": null, "education": null, "grades": null, "alt_name": null, "name:ml": null, "platforms": null, "wikipedia": null, "building": null, "designation": null, "local_ref": null, "atm": null, "brand:wikidata": "Q2003611", "brand:wikipedia": "en:Indian Overseas Bank", "operator:wikidata": null, "short_name": null, "brand:en": null, "currency:INR": null, "drive_through": null, "indoor": null, "note": null, "operator:en": null, "operator:wikipedia": null, "fixme": null, "cuisine": null, "diet:vegetarian": null, "smoking": null, "cash_in": null, "currency:Rs": null, "bench": null, "lit": null, "shelter": null, "payment:google_pay": null, "area": null, "layer": null, "check_date:opening_hours": null, "level": null, "bin": null }, "geometry": { "type": "Point", "coordinates": [ 78.0395853, 10.9626328 ] } },
{ "type": "Feature", "properties": { "element": "node", "id": 8107926896, "shop": null, "addr:district": null, "addr:full": null, "addr:postcode": null, "addr:state": null, "addr:subdistrict": null, "amenity": "bank", "name": "Indian Bank", "source": null, "addr:block": null, "healthcare": null, "bus": null, "highway": null, "name:en": null, "public_transport": null, "addr:street": null, "contact:instagram": null, "email": null, "internet_access": null, "opening_hours": null, "phone": null, "name:ta": null, "network": null, "operator": null, "railway": null, "ref": null, "wikidata": null, "brand": "Indian Bank", "branch": null, "addr:city": null, "government": null, "office": null, "website": null, "train": null, "addr:housenumber": null, "contact:mobile": null, "payment:cash": null, "payment:credit_cards": null, "payment:debit_cards": null, "check_date": null, "education": null, "grades": null, "alt_name": null, "name:ml": null, "platforms": null, "wikipedia": null, "building": null, "designation": null, "local_ref": null, "atm": null, "brand:wikidata": "Q2003789", "brand:wikipedia": "en:Indian Bank", "operator:wikidata": null, "short_name": null, "brand:en": null, "currency:INR": null, "drive_through": null, "indoor": null, "note": null, "operator:en": null, "operator:wikipedia": null, "fixme": null, "cuisine": null, "diet:vegetarian": null, "smoking": null, "cash_in": null, "currency:Rs": null, "bench": null, "lit": null, "shelter": null, "payment:google_pay": null, "area": null, "layer": null, "check_date:opening_hours": null, "level": null, "bin": null }, "geometry": { "type": "Point", "coordinates": [ 78.0372981, 10.963771 ] } },
{ "type": "Feature", "properties": { "element": "node", "id": 8107940461, "shop": "greengrocer", "addr:district": null, "addr:full": null, "addr:postcode": null, "addr:state": null, "addr:subdistrict": null, "amenity": null, "name": "velliyangiri", "source": null, "addr:block": null, "healthcare": null, "bus": null, "highway": null, "name:en": null, "public_transport": null, "addr:street": null, "contact:instagram": null, "email": null, "internet_access": null, "opening_hours": null, "phone": null, "name:ta": null, "network": null, "operator": null, "railway": null, "ref": null, "wikidata": null, "brand": null, "branch": null, "addr:city": null, "government": null, "office": null, "website": null, "train": null, "addr:housenumber": null, "contact:mobile": null, "payment:cash": null, "payment:credit_cards": null, "payment:debit_cards": null, "check_date": null, "education": null, "grades": null, "alt_name": null, "name:ml": null, "platforms": null, "wikipedia": null, "building": null, "designation": null, "local_ref": null, "atm": null, "brand:wikidata": null, "brand:wikipedia": null, "operator:wikidata": null, "short_name": null, "brand:en": null, "currency:INR": null, "drive_through": null, "indoor": null, "note": null, "operator:en": null, "operator:wikipedia": null, "fixme": null, "cuisine": null, "diet:vegetarian": null, "smoking": null, "cash_in": null, "currency:Rs": null, "bench": null, "lit": null, "shelter": null, "payment:google_pay": null, "area": null, "layer": null, "check_date:opening_hours": null, "level": null, "bin": null }, "geometry": { "type": "Point", "coordinates": [ 78.0089208, 11.0747695 ] } },
{ "type": "Feature", "properties": { "element": "node", "id": 8107946106, "shop": "bakery", "addr:district": null, "addr:full": null, "addr:postcode": null, "addr:state": null, "addr:subdistrict": null, "amenity": null, "name": "surya bakery", "source": null, "addr:block": null, "healthcare": null, "bus": null, "highway": null, "name:en": null, "public_transport": null, "addr:street": null, "contact:instagram": null, "email": null, "internet_access": null, "opening_hours": null, "phone": null, "name:ta": null, "network": null, "operator": null, "railway": null, "ref": null, "wikidata": null, "brand": null, "branch": null, "addr:city": null, "government": null, "office": null, "website": null, "train": null, "addr:housenumber": null, "contact:mobile": null, "payment:cash": null, "payment:credit_cards": null, "payment:debit_cards": null, "check_date": null, "education": null, "grades": null, "alt_name": null, "name:ml": null, "platforms": null, "wikipedia": null, "building": null, "designation": null, "local_ref": null, "atm": null, "brand:wikidata": null, "brand:wikipedia": null, "operator:wikidata": null, "short_name": null, "brand:en": null, "currency:INR": null, "drive_through": null, "indoor": null, "note": null, "operator:en": null, "operator:wikipedia": null, "fixme": null, "cuisine": null, "diet:vegetarian": null, "smoking": null, "cash_in": null, "currency:Rs": null, "bench": null, "lit": null, "shelter": null, "payment:google_pay": null, "area": null, "layer": null, "check_date:opening_hours": null, "level": null, "bin": null }, "geometry": { "type": "Point", "coordinates": [ 78.0085418, 11.0744604 ] } },
{ "type": "Feature", "properties": { "element": "node", "id": 8107948000, "shop": "bakery", "addr:district": null, "addr:full": null, "addr:postcode": null, "addr:state": null, "addr:subdistrict": null, "amenity": null, "name": "aathi bakery & sweets", "source": null, "addr:block": null, "healthcare": null, "bus": null, "highway": null, "name:en": null, "public_transport": null, "addr:street": null, "contact:instagram": null, "email": null, "internet_access": null, "opening_hours": null, "phone": null, "name:ta": null, "network": null, "operator": null, "railway": null, "ref": null, "wikidata": null, "brand": null, "branch": null, "addr:city": null, "government": null, "office": null, "website": null, "train": null, "addr:housenumber": null, "contact:mobile": null, "payment:cash": null, "payment:credit_cards": null, "payment:debit_cards": null, "check_date": null, "education": null, "grades": null, "alt_name": null, "name:ml": null, "platforms": null, "wikipedia": null, "building": null, "designation": null, "local_ref": null, "atm": null, "brand:wikidata": null, "brand:wikipedia": null, "operator:wikidata": null, "short_name": null, "brand:en": null, "currency:INR": null, "drive_through": null, "indoor": null, "note": null, "operator:en": null, "operator:wikipedia": null, "fixme": null, "cuisine": null, "diet:vegetarian": null, "smoking": null, "cash_in": null, "currency:Rs": null, "bench": null, "lit": null, "shelter": null, "payment:google_pay": null, "area": null, "layer": null, "check_date:opening_hours": null, "level": null, "bin": null }, "geometry": { "type": "Point", "coordinates": [ 78.0886713, 10.9473246 ] } },
{ "type": "Feature", "properties": { "element": "node", "id": 8107951385, "shop": "tea", "addr:district": null, "addr:full": null, "addr:postcode": null, "addr:state": null, "addr:subdistrict": null, "amenity": null, "name": "siva coffee bar & sweets", "source": null, "addr:block": null, "healthcare": null, "bus": null, "highway": null, "name:en": null, "public_transport": null, "addr:street": null, "contact:instagram": null, "email": null, "internet_access": null, "opening_hours": null, "phone": null, "name:ta": null, "network": null, "operator": null, "railway": null, "ref": null, "wikidata": null, "brand": null, "branch": null, "addr:city": null, "government": null, "office": null, "website": null, "train": null, "addr:housenumber": null, "contact:mobile": null, "payment:cash": null, "payment:credit_cards": null, "payment:debit_cards": null, "check_date": null, "education": null, "grades": null, "alt_name": null, "name:ml": null, "platforms": null, "wikipedia": null, "building": null, "designation": null, "local_ref": null, "atm": null, "brand:wikidata": null, "brand:wikipedia": null, "operator:wikidata": null, "short_name": null, "brand:en": null, "currency:INR": null, "drive_through": null, "indoor": null, "note": null, "operator:en": null, "operator:wikipedia": null, "fixme": null, "cuisine": null, "diet:vegetarian": null, "smoking": null, "cash_in": null, "currency:Rs": null, "bench": null, "lit": null, "shelter": null, "payment:google_pay": null, "area": null, "layer": null, "check_date:opening_hours": null, "level": null, "bin": null }, "geometry": { "type": "Point", "coordinates": [ 78.0087196, 11.0747515 ] } },
{ "type": "Feature", "properties": { "element": "node", "id": 8107952591, "shop": "tea", "addr:district": null, "addr:full": null, "addr:postcode": null, "addr:state": null, "addr:subdistrict": null, "amenity": null, "name": "relax tea stall", "source": null, "addr:block": null, "healthcare": null, "bus": null, "highway": null, "name:en": null, "public_transport": null, "addr:street": null, "contact:instagram": null, "email": null, "internet_access": null, "opening_hours": null, "phone": null, "name:ta": null, "network": null, "operator": null, "railway": null, "ref": null, "wikidata": null, "brand": null, "branch": null, "addr:city": null, "government": null, "office": null, "website": null, "train": null, "addr:housenumber": null, "contact:mobile": null, "payment:cash": null, "payment:credit_cards": null, "payment:debit_cards": null, "check_date": null, "education": null, "grades": null, "alt_name": null, "name:ml": null, "platforms": null, "wikipedia": null, "building": null, "designation": null, "local_ref": null, "atm": null, "brand:wikidata": null, "brand:wikipedia": null, "operator:wikidata": null, "short_name": null, "brand:en": null, "currency:INR": null, "drive_through": null, "indoor": null, "note": null, "operator:en": null, "operator:wikipedia": null, "fixme": null, "cuisine": null, "diet:vegetarian": null, "smoking": null, "cash_in": null, "currency:Rs": null, "bench": null, "lit": null, "shelter": null, "payment:google_pay": null, "area": null, "layer": null, "check_date:opening_hours": null, "level": null, "bin": null }, "geometry": { "type": "Point", "coordinates": [ 78.0080273, 11.0744386 ] } },
{ "type": "Feature", "properties": { "element": "node", "id": 8107957507, "shop": "department_store", "addr:district": null, "addr:full": null, "addr:postcode": null, "addr:state": null, "addr:subdistrict": null, "amenity": null, "name": "new saravana departmental store", "source": null, "addr:block": null, "healthcare": null, "bus": null, "highway": null, "name:en": null, "public_transport": null, "addr:street": null, "contact:instagram": null, "email": null, "internet_access": null, "opening_hours": null, "phone": null, "name:ta": null, "network": null, "operator": null, "railway": null, "ref": null, "wikidata": null, "brand": null, "branch": null, "addr:city": null, "government": null, "office": null, "website": null, "train": null, "addr:housenumber": null, "contact:mobile": null, "payment:cash": null, "payment:credit_cards": null, "payment:debit_cards": null, "check_date": null, "education": null, "grades": null, "alt_name": null, "name:ml": null, "platforms": null, "wikipedia": null, "building": null, "designation": null, "local_ref": null, "atm": null, "brand:wikidata": null, "brand:wikipedia": null, "operator:wikidata": null, "short_name": null, "brand:en": null, "currency:INR": null, "drive_through": null, "indoor": null, "note": null, "operator:en": null, "operator:wikipedia": null, "fixme": null, "cuisine": null, "diet:vegetarian": null, "smoking": null, "cash_in": null, "currency:Rs": null, "bench": null, "lit": null, "shelter": null, "payment:google_pay": null, "area": null, "layer": null, "check_date:opening_hours": null, "level": null, "bin": null }, "geometry": { "type": "Point", "coordinates": [ 78.0079334, 11.0750225 ] } },
{ "type": "Feature", "properties": { "element": "node", "id": 8107963788, "shop": null, "addr:district": null, "addr:full": null, "addr:postcode": null, "addr:state": null, "addr:subdistrict": null, "amenity": "bank", "name": "IndusInd Bank", "source": null, "addr:block": null, "healthcare": null, "bus": null, "highway": null, "name:en": null, "public_transport": null, "addr:street": null, "contact:instagram": null, "email": null, "internet_access": null, "opening_hours": null, "phone": null, "name:ta": null, "network": null, "operator": null, "railway": null, "ref": null, "wikidata": null, "brand": "IndusInd Bank", "branch": null, "addr:city": null, "government": null, "office": null, "website": null, "train": null, "addr:housenumber": null, "contact:mobile": null, "payment:cash": null, "payment:credit_cards": null, "payment:debit_cards": null, "check_date": null, "education": null, "grades": null, "alt_name": null, "name:ml": null, "platforms": null, "wikipedia": null, "building": null, "designation": null, "local_ref": null, "atm": null, "brand:wikidata": "Q2040323", "brand:wikipedia": null, "operator:wikidata": null, "short_name": null, "brand:en": null, "currency:INR": null, "drive_through": null, "indoor": null, "note": null, "operator:en": null, "operator:wikipedia": null, "fixme": null, "cuisine": null, "diet:vegetarian": null, "smoking": null, "cash_in": null, "currency:Rs": null, "bench": null, "lit": null, "shelter": null, "payment:google_pay": null, "area": null, "layer": null, "check_date:opening_hours": null, "level": null, "bin": null }, "geometry": { "type": "Point", "coordinates": [ 78.0077054, 11.0744804 ] } },
{ "type": "Feature", "properties": { "element": "node", "id": 8107970130, "shop": "tea", "addr:district": null, "addr:full": null, "addr:postcode": null, "addr:state": null, "addr:subdistrict": null, "amenity": null, "name": "sakthi tea stall", "source": null, "addr:block": null, "healthcare": null, "bus": null, "highway": null, "name:en": null, "public_transport": null, "addr:street": null, "contact:instagram": null, "email": null, "internet_access": null, "opening_hours": null, "phone": null, "name:ta": null, "network": null, "operator": null, "railway": null, "ref": null, "wikidata": null, "brand": null, "branch": null, "addr:city": null, "government": null, "office": null, "website": null, "train": null, "addr:housenumber": null, "contact:mobile": null, "payment:cash": null, "payment:credit_cards": null, "payment:debit_cards": null, "check_date": null, "education": null, "grades": null, "alt_name": null, "name:ml": null, "platforms": null, "wikipedia": null, "building": null, "designation": null, "local_ref": null, "atm": null, "brand:wikidata": null, "brand:wikipedia": null, "operator:wikidata": null, "short_name": null, "brand:en": null, "currency:INR": null, "drive_through": null, "indoor": null, "note": null, "operator:en": null, "operator:wikipedia": null, "fixme": null, "cuisine": null, "diet:vegetarian": null, "smoking": null, "cash_in": null, "currency:Rs": null, "bench": null, "lit": null, "shelter": null, "payment:google_pay": null, "area": null, "layer": null, "check_date:opening_hours": null, "level": null, "bin": null }, "geometry": { "type": "Point", "coordinates": [ 78.00718, 11.0745606 ] } },
{ "type": "Feature", "properties": { "element": "node", "id": 8107971252, "shop": null, "addr:district": null, "addr:full": null, "addr:postcode": null, "addr:state": null, "addr:subdistrict": null, "amenity": "atm", "name": "Karur Vysya Bank", "source": null, "addr:block": null, "healthcare": null, "bus": null, "highway": null, "name:en": null, "public_transport": null, "addr:street": null, "contact:instagram": null, "email": null, "internet_access": null, "opening_hours": null, "phone": null, "name:ta": null, "network": null, "operator": "Karur Vysya Bank", "railway": null, "ref": null, "wikidata": null, "brand": "Karur Vysya Bank", "branch": null, "addr:city": null, "government": null, "office": null, "website": null, "train": null, "addr:housenumber": null, "contact:mobile": null, "payment:cash": null, "payment:credit_cards": null, "payment:debit_cards": null, "check_date": null, "education": null, "grades": null, "alt_name": null, "name:ml": null, "platforms": null, "wikipedia": null, "building": null, "designation": null, "local_ref": null, "atm": null, "brand:wikidata": "Q6373724", "brand:wikipedia": null, "operator:wikidata": "Q6373724", "short_name": null, "brand:en": null, "currency:INR": null, "drive_through": null, "indoor": null, "note": null, "operator:en": null, "operator:wikipedia": null, "fixme": null, "cuisine": null, "diet:vegetarian": null, "smoking": null, "cash_in": null, "currency:Rs": null, "bench": null, "lit": null, "shelter": null, "payment:google_pay": null, "area": null, "layer": null, "check_date:opening_hours": null, "level": null, "bin": null }, "geometry": { "type": "Point", "coordinates": [ 78.0075595, 11.0745492 ] } },
{ "type": "Feature", "properties": { "element": "node", "id": 8107972650, "shop": "tea", "addr:district": null, "addr:full": null, "addr:postcode": null, "addr:state": null, "addr:subdistrict": null, "amenity": null, "name": "navaladiyan tvs stand", "source": null, "addr:block": null, "healthcare": null, "bus": null, "highway": null, "name:en": null, "public_transport": null, "addr:street": null, "contact:instagram": null, "email": null, "internet_access": null, "opening_hours": null, "phone": null, "name:ta": null, "network": null, "operator": null, "railway": null, "ref": null, "wikidata": null, "brand": null, "branch": null, "addr:city": null, "government": null, "office": null, "website": null, "train": null, "addr:housenumber": null, "contact:mobile": null, "payment:cash": null, "payment:credit_cards": null, "payment:debit_cards": null, "check_date": null, "education": null, "grades": null, "alt_name": null, "name:ml": null, "platforms": null, "wikipedia": null, "building": null, "designation": null, "local_ref": null, "atm": null, "brand:wikidata": null, "brand:wikipedia": null, "operator:wikidata": null, "short_name": null, "brand:en": null, "currency:INR": null, "drive_through": null, "indoor": null, "note": null, "operator:en": null, "operator:wikipedia": null, "fixme": null, "cuisine": null, "diet:vegetarian": null, "smoking": null, "cash_in": null, "currency:Rs": null, "bench": null, "lit": null, "shelter": null, "payment:google_pay": null, "area": null, "layer": null, "check_date:opening_hours": null, "level": null, "bin": null }, "geometry": { "type": "Point", "coordinates": [ 78.007326, 11.0747875 ] } },
{ "type": "Feature", "properties": { "element": "node", "id": 8107973216, "shop": null, "addr:district": null, "addr:full": null, "addr:postcode": null, "addr:state": null, "addr:subdistrict": null, "amenity": "bank", "name": "Indian Overseas Bank", "source": null, "addr:block": null, "healthcare": null, "bus": null, "highway": null, "name:en": null, "public_transport": null, "addr:street": null, "contact:instagram": null, "email": null, "internet_access": null, "opening_hours": null, "phone": null, "name:ta": null, "network": null, "operator": null, "railway": null, "ref": null, "wikidata": null, "brand": "Indian Overseas Bank", "branch": null, "addr:city": null, "government": null, "office": null, "website": null, "train": null, "addr:housenumber": null, "contact:mobile": null, "payment:cash": null, "payment:credit_cards": null, "payment:debit_cards": null, "check_date": null, "education": null, "grades": null, "alt_name": null, "name:ml": null, "platforms": null, "wikipedia": null, "building": null, "designation": null, "local_ref": null, "atm": null, "brand:wikidata": "Q2003611", "brand:wikipedia": "en:Indian Overseas Bank", "operator:wikidata": null, "short_name": null, "brand:en": null, "currency:INR": null, "drive_through": null, "indoor": null, "note": null, "operator:en": null, "operator:wikipedia": null, "fixme": null, "cuisine": null, "diet:vegetarian": null, "smoking": null, "cash_in": null, "currency:Rs": null, "bench": null, "lit": null, "shelter": null, "payment:google_pay": null, "area": null, "layer": null, "check_date:opening_hours": null, "level": null, "bin": null }, "geometry": { "type": "Point", "coordinates": [ 78.0913, 10.9402867 ] } },
{ "type": "Feature", "properties": { "element": "node", "id": 8107984799, "shop": "tea", "addr:district": null, "addr:full": null, "addr:postcode": null, "addr:state": null, "addr:subdistrict": null, "amenity": null, "name": "amv tea stall", "source": null, "addr:block": null, "healthcare": null, "bus": null, "highway": null, "name:en": null, "public_transport": null, "addr:street": null, "contact:instagram": null, "email": null, "internet_access": null, "opening_hours": null, "phone": null, "name:ta": null, "network": null, "operator": null, "railway": null, "ref": null, "wikidata": null, "brand": null, "branch": null, "addr:city": null, "government": null, "office": null, "website": null, "train": null, "addr:housenumber": null, "contact:mobile": null, "payment:cash": null, "payment:credit_cards": null, "payment:debit_cards": null, "check_date": null, "education": null, "grades": null, "alt_name": null, "name:ml": null, "platforms": null, "wikipedia": null, "building": null, "designation": null, "local_ref": null, "atm": null, "brand:wikidata": null, "brand:wikipedia": null, "operator:wikidata": null, "short_name": null, "brand:en": null, "currency:INR": null, "drive_through": null, "indoor": null, "note": null, "operator:en": null, "operator:wikipedia": null, "fixme": null, "cuisine": null, "diet:vegetarian": null, "smoking": null, "cash_in": null, "currency:Rs": null, "bench": null, "lit": null, "shelter": null, "payment:google_pay": null, "area": null, "layer": null, "check_date:opening_hours": null, "level": null, "bin": null }, "geometry": { "type": "Point", "coordinates": [ 78.0893255, 10.9445699 ] } },
{ "type": "Feature", "properties": { "element": "node", "id": 8107985704, "shop": "department_store", "addr:district": null, "addr:full": null, "addr:postcode": null, "addr:state": null, "addr:subdistrict": null, "amenity": null, "name": "new columbu stores", "source": null, "addr:block": null, "healthcare": null, "bus": null, "highway": null, "name:en": null, "public_transport": null, "addr:street": null, "contact:instagram": null, "email": null, "internet_access": null, "opening_hours": null, "phone": null, "name:ta": null, "network": null, "operator": null, "railway": null, "ref": null, "wikidata": null, "brand": null, "branch": null, "addr:city": null, "government": null, "office": null, "website": null, "train": null, "addr:housenumber": null, "contact:mobile": null, "payment:cash": null, "payment:credit_cards": null, "payment:debit_cards": null, "check_date": null, "education": null, "grades": null, "alt_name": null, "name:ml": null, "platforms": null, "wikipedia": null, "building": null, "designation": null, "local_ref": null, "atm": null, "brand:wikidata": null, "brand:wikipedia": null, "operator:wikidata": null, "short_name": null, "brand:en": null, "currency:INR": null, "drive_through": null, "indoor": null, "note": null, "operator:en": null, "operator:wikipedia": null, "fixme": null, "cuisine": null, "diet:vegetarian": null, "smoking": null, "cash_in": null, "currency:Rs": null, "bench": null, "lit": null, "shelter": null, "payment:google_pay": null, "area": null, "layer": null, "check_date:opening_hours": null, "level": null, "bin": null }, "geometry": { "type": "Point", "coordinates": [ 78.0017472, 11.0744952 ] } },
{ "type": "Feature", "properties": { "element": "node", "id": 8107991883, "shop": "bakery", "addr:district": null, "addr:full": null, "addr:postcode": null, "addr:state": null, "addr:subdistrict": null, "amenity": null, "name": "aby", "source": null, "addr:block": null, "healthcare": null, "bus": null, "highway": null, "name:en": null, "public_transport": null, "addr:street": null, "contact:instagram": null, "email": null, "internet_access": null, "opening_hours": null, "phone": null, "name:ta": null, "network": null, "operator": null, "railway": null, "ref": null, "wikidata": null, "brand": null, "branch": null, "addr:city": null, "government": null, "office": null, "website": null, "train": null, "addr:housenumber": null, "contact:mobile": null, "payment:cash": null, "payment:credit_cards": null, "payment:debit_cards": null, "check_date": null, "education": null, "grades": null, "alt_name": null, "name:ml": null, "platforms": null, "wikipedia": null, "building": null, "designation": null, "local_ref": null, "atm": null, "brand:wikidata": null, "brand:wikipedia": null, "operator:wikidata": null, "short_name": null, "brand:en": null, "currency:INR": null, "drive_through": null, "indoor": null, "note": null, "operator:en": null, "operator:wikipedia": null, "fixme": null, "cuisine": null, "diet:vegetarian": null, "smoking": null, "cash_in": null, "currency:Rs": null, "bench": null, "lit": null, "shelter": null, "payment:google_pay": null, "area": null, "layer": null, "check_date:opening_hours": null, "level": null, "bin": null }, "geometry": { "type": "Point", "coordinates": [ 78.0907591, 10.9419632 ] } },
{ "type": "Feature", "properties": { "element": "node", "id": 8107997634, "shop": null, "addr:district": null, "addr:full": null, "addr:postcode": null, "addr:state": null, "addr:subdistrict": null, "amenity": "atm", "name": null, "source": null, "addr:block": null, "healthcare": null, "bus": null, "highway": null, "name:en": null, "public_transport": null, "addr:street": null, "contact:instagram": null, "email": null, "internet_access": null, "opening_hours": null, "phone": null, "name:ta": null, "network": null, "operator": "dhanalakshimi atm", "railway": null, "ref": null, "wikidata": null, "brand": null, "branch": null, "addr:city": null, "government": null, "office": null, "website": null, "train": null, "addr:housenumber": null, "contact:mobile": null, "payment:cash": null, "payment:credit_cards": null, "payment:debit_cards": null, "check_date": null, "education": null, "grades": null, "alt_name": null, "name:ml": null, "platforms": null, "wikipedia": null, "building": null, "designation": null, "local_ref": null, "atm": null, "brand:wikidata": null, "brand:wikipedia": null, "operator:wikidata": null, "short_name": null, "brand:en": null, "currency:INR": null, "drive_through": null, "indoor": null, "note": null, "operator:en": null, "operator:wikipedia": null, "fixme": null, "cuisine": null, "diet:vegetarian": null, "smoking": null, "cash_in": null, "currency:Rs": null, "bench": null, "lit": null, "shelter": null, "payment:google_pay": null, "area": null, "layer": null, "check_date:opening_hours": null, "level": null, "bin": null }, "geometry": { "type": "Point", "coordinates": [ 78.0883096, 10.9498429 ] } },
{ "type": "Feature", "properties": { "element": "node", "id": 8107999288, "shop": null, "addr:district": null, "addr:full": null, "addr:postcode": null, "addr:state": null, "addr:subdistrict": null, "amenity": "bank", "name": "State Bank of India", "source": null, "addr:block": null, "healthcare": null, "bus": null, "highway": null, "name:en": null, "public_transport": null, "addr:street": null, "contact:instagram": null, "email": null, "internet_access": null, "opening_hours": null, "phone": null, "name:ta": null, "network": null, "operator": null, "railway": null, "ref": null, "wikidata": null, "brand": "State Bank of India", "branch": null, "addr:city": null, "government": null, "office": null, "website": null, "train": null, "addr:housenumber": null, "contact:mobile": null, "payment:cash": null, "payment:credit_cards": null, "payment:debit_cards": null, "check_date": null, "education": null, "grades": null, "alt_name": null, "name:ml": null, "platforms": null, "wikipedia": null, "building": null, "designation": null, "local_ref": null, "atm": null, "brand:wikidata": "Q1340361", "brand:wikipedia": "en:State Bank of India", "operator:wikidata": null, "short_name": "SBI", "brand:en": null, "currency:INR": null, "drive_through": null, "indoor": null, "note": null, "operator:en": null, "operator:wikipedia": null, "fixme": null, "cuisine": null, "diet:vegetarian": null, "smoking": null, "cash_in": null, "currency:Rs": null, "bench": null, "lit": null, "shelter": null, "payment:google_pay": null, "area": null, "layer": null, "check_date:opening_hours": null, "level": null, "bin": null }, "geometry": { "type": "Point", "coordinates": [ 78.0910148, 10.941706 ] } },
{ "type": "Feature", "properties": { "element": "node", "id": 8108011156, "shop": null, "addr:district": null, "addr:full": null, "addr:postcode": null, "addr:state": null, "addr:subdistrict": null, "amenity": "bank", "name": "Indian Overseas Bank", "source": null, "addr:block": null, "healthcare": null, "bus": null, "highway": null, "name:en": null, "public_transport": null, "addr:street": null, "contact:instagram": null, "email": null, "internet_access": null, "opening_hours": null, "phone": null, "name:ta": null, "network": null, "operator": null, "railway": null, "ref": null, "wikidata": null, "brand": "Indian Overseas Bank", "branch": null, "addr:city": null, "government": null, "office": null, "website": null, "train": null, "addr:housenumber": null, "contact:mobile": null, "payment:cash": null, "payment:credit_cards": null, "payment:debit_cards": null, "check_date": null, "education": null, "grades": null, "alt_name": null, "name:ml": null, "platforms": null, "wikipedia": null, "building": null, "designation": null, "local_ref": null, "atm": null, "brand:wikidata": "Q2003611", "brand:wikipedia": "en:Indian Overseas Bank", "operator:wikidata": null, "short_name": null, "brand:en": null, "currency:INR": null, "drive_through": null, "indoor": null, "note": null, "operator:en": null, "operator:wikipedia": null, "fixme": null, "cuisine": null, "diet:vegetarian": null, "smoking": null, "cash_in": null, "currency:Rs": null, "bench": null, "lit": null, "shelter": null, "payment:google_pay": null, "area": null, "layer": null, "check_date:opening_hours": null, "level": null, "bin": null }, "geometry": { "type": "Point", "coordinates": [ 78.0911319, 10.9411343 ] } },
{ "type": "Feature", "properties": { "element": "node", "id": 8108012487, "shop": null, "addr:district": null, "addr:full": null, "addr:postcode": null, "addr:state": null, "addr:subdistrict": null, "amenity": "hospital", "name": "arun medical and generals", "source": null, "addr:block": null, "healthcare": "hospital", "bus": null, "highway": null, "name:en": null, "public_transport": null, "addr:street": null, "contact:instagram": null, "email": null, "internet_access": null, "opening_hours": null, "phone": null, "name:ta": null, "network": null, "operator": null, "railway": null, "ref": null, "wikidata": null, "brand": null, "branch": null, "addr:city": null, "government": null, "office": null, "website": null, "train": null, "addr:housenumber": null, "contact:mobile": null, "payment:cash": null, "payment:credit_cards": null, "payment:debit_cards": null, "check_date": null, "education": null, "grades": null, "alt_name": null, "name:ml": null, "platforms": null, "wikipedia": null, "building": null, "designation": null, "local_ref": null, "atm": null, "brand:wikidata": null, "brand:wikipedia": null, "operator:wikidata": null, "short_name": null, "brand:en": null, "currency:INR": null, "drive_through": null, "indoor": null, "note": null, "operator:en": null, "operator:wikipedia": null, "fixme": null, "cuisine": null, "diet:vegetarian": null, "smoking": null, "cash_in": null, "currency:Rs": null, "bench": null, "lit": null, "shelter": null, "payment:google_pay": null, "area": null, "layer": null, "check_date:opening_hours": null, "level": null, "bin": null }, "geometry": { "type": "Point", "coordinates": [ 78.0905141, 10.9424232 ] } },
{ "type": "Feature", "properties": { "element": "node", "id": 9398580461, "shop": null, "addr:district": null, "addr:full": null, "addr:postcode": "639008", "addr:state": null, "addr:subdistrict": null, "amenity": null, "name": "CloudStonz", "source": null, "addr:block": null, "healthcare": null, "bus": null, "highway": null, "name:en": null, "public_transport": null, "addr:street": "Karur Bypass", "contact:instagram": null, "email": null, "internet_access": null, "opening_hours": "Mo-Sa 09:00-18:00", "phone": "+919384467779", "name:ta": null, "network": null, "operator": null, "railway": null, "ref": null, "wikidata": null, "brand": null, "branch": null, "addr:city": "Karur", "government": null, "office": "company", "website": "https://www.cloudstonz.com/", "train": null, "addr:housenumber": "9/25 Ns Towers, Madurai byepass road", "contact:mobile": null, "payment:cash": null, "payment:credit_cards": null, "payment:debit_cards": null, "check_date": null, "education": null, "grades": null, "alt_name": null, "name:ml": null, "platforms": null, "wikipedia": null, "building": null, "designation": null, "local_ref": null, "atm": null, "brand:wikidata": null, "brand:wikipedia": null, "operator:wikidata": null, "short_name": null, "brand:en": null, "currency:INR": null, "drive_through": null, "indoor": null, "note": null, "operator:en": null, "operator:wikipedia": null, "fixme": null, "cuisine": null, "diet:vegetarian": null, "smoking": null, "cash_in": null, "currency:Rs": null, "bench": null, "lit": null, "shelter": null, "payment:google_pay": null, "area": null, "layer": null, "check_date:opening_hours": null, "level": null, "bin": null }, "geometry": { "type": "Point", "coordinates": [ 78.0609485, 10.9608247 ] } },
{ "type": "Feature", "properties": { "element": "node", "id": 10130903917, "shop": "hardware", "addr:district": null, "addr:full": null, "addr:postcode": null, "addr:state": null, "addr:subdistrict": null, "amenity": null, "name": null, "source": null, "addr:block": null, "healthcare": null, "bus": null, "highway": null, "name:en": null, "public_transport": null, "addr:street": null, "contact:instagram": null, "email": null, "internet_access": null, "opening_hours": null, "phone": null, "name:ta": null, "network": null, "operator": null, "railway": null, "ref": null, "wikidata": null, "brand": null, "branch": null, "addr:city": null, "government": null, "office": null, "website": null, "train": null, "addr:housenumber": null, "contact:mobile": null, "payment:cash": null, "payment:credit_cards": null, "payment:debit_cards": null, "check_date": null, "education": null, "grades": null, "alt_name": null, "name:ml": null, "platforms": null, "wikipedia": null, "building": null, "designation": null, "local_ref": null, "atm": null, "brand:wikidata": null, "brand:wikipedia": null, "operator:wikidata": null, "short_name": null, "brand:en": null, "currency:INR": null, "drive_through": null, "indoor": null, "note": null, "operator:en": null, "operator:wikipedia": null, "fixme": null, "cuisine": null, "diet:vegetarian": null, "smoking": null, "cash_in": null, "currency:Rs": null, "bench": null, "lit": null, "shelter": null, "payment:google_pay": null, "area": null, "layer": null, "check_date:opening_hours": null, "level": null, "bin": null }, "geometry": { "type": "Point", "coordinates": [ 78.0685805, 10.9585248 ] } },
{ "type": "Feature", "properties": { "element": "node", "id": 10923816431, "shop": "photo", "addr:district": null, "addr:full": null, "addr:postcode": null, "addr:state": null, "addr:subdistrict": null, "amenity": null, "name": null, "source": null, "addr:block": null, "healthcare": null, "bus": null, "highway": null, "name:en": "Sound wave", "public_transport": null, "addr:street": null, "contact:instagram": null, "email": null, "internet_access": null, "opening_hours": "Mo-Su 09:00-18:00", "phone": null, "name:ta": null, "network": null, "operator": null, "railway": null, "ref": null, "wikidata": null, "brand": null, "branch": null, "addr:city": null, "government": null, "office": null, "website": null, "train": null, "addr:housenumber": null, "contact:mobile": null, "payment:cash": null, "payment:credit_cards": null, "payment:debit_cards": null, "check_date": null, "education": null, "grades": null, "alt_name": null, "name:ml": null, "platforms": null, "wikipedia": null, "building": null, "designation": null, "local_ref": null, "atm": null, "brand:wikidata": null, "brand:wikipedia": null, "operator:wikidata": null, "short_name": null, "brand:en": null, "currency:INR": null, "drive_through": null, "indoor": null, "note": null, "operator:en": null, "operator:wikipedia": null, "fixme": null, "cuisine": null, "diet:vegetarian": null, "smoking": null, "cash_in": null, "currency:Rs": null, "bench": null, "lit": null, "shelter": null, "payment:google_pay": null, "area": null, "layer": null, "check_date:opening_hours": null, "level": null, "bin": null }, "geometry": { "type": "Point", "coordinates": [ 78.0652432, 10.9642282 ] } },
{ "type": "Feature", "properties": { "element": "node", "id": 10923820836, "shop": "photo", "addr:district": null, "addr:full": null, "addr:postcode": null, "addr:state": null, "addr:subdistrict": null, "amenity": null, "name": null, "source": null, "addr:block": null, "healthcare": null, "bus": null, "highway": null, "name:en": "Sound wave", "public_transport": null, "addr:street": null, "contact:instagram": null, "email": null, "internet_access": null, "opening_hours": null, "phone": null, "name:ta": null, "network": null, "operator": null, "railway": null, "ref": null, "wikidata": null, "brand": null, "branch": null, "addr:city": null, "government": null, "office": null, "website": null, "train": null, "addr:housenumber": null, "contact:mobile": null, "payment:cash": null, "payment:credit_cards": null, "payment:debit_cards": null, "check_date": null, "education": null, "grades": null, "alt_name": null, "name:ml": null, "platforms": null, "wikipedia": null, "building": null, "designation": null, "local_ref": null, "atm": null, "brand:wikidata": null, "brand:wikipedia": null, "operator:wikidata": null, "short_name": null, "brand:en": null, "currency:INR": null, "drive_through": null, "indoor": null, "note": null, "operator:en": null, "operator:wikipedia": null, "fixme": null, "cuisine": null, "diet:vegetarian": null, "smoking": null, "cash_in": null, "currency:Rs": null, "bench": null, "lit": null, "shelter": null, "payment:google_pay": null, "area": null, "layer": null, "check_date:opening_hours": null, "level": null, "bin": null }, "geometry": { "type": "Point", "coordinates": [ 78.06528, 10.9623854 ] } },
{ "type": "Feature", "properties": { "element": "node", "id": 11006373433, "shop": "farm", "addr:district": null, "addr:full": null, "addr:postcode": null, "addr:state": null, "addr:subdistrict": null, "amenity": null, "name": "SKM Egg Pvt Ltd", "source": null, "addr:block": null, "healthcare": null, "bus": null, "highway": null, "name:en": null, "public_transport": null, "addr:street": null, "contact:instagram": null, "email": null, "internet_access": null, "opening_hours": null, "phone": null, "name:ta": null, "network": null, "operator": null, "railway": null, "ref": null, "wikidata": null, "brand": null, "branch": null, "addr:city": null, "government": null, "office": null, "website": null, "train": null, "addr:housenumber": null, "contact:mobile": null, "payment:cash": null, "payment:credit_cards": null, "payment:debit_cards": null, "check_date": null, "education": null, "grades": null, "alt_name": null, "name:ml": null, "platforms": null, "wikipedia": null, "building": null, "designation": null, "local_ref": null, "atm": null, "brand:wikidata": null, "brand:wikipedia": null, "operator:wikidata": null, "short_name": null, "brand:en": null, "currency:INR": null, "drive_through": null, "indoor": null, "note": null, "operator:en": null, "operator:wikipedia": null, "fixme": null, "cuisine": null, "diet:vegetarian": null, "smoking": null, "cash_in": null, "currency:Rs": null, "bench": null, "lit": null, "shelter": null, "payment:google_pay": null, "area": null, "layer": null, "check_date:opening_hours": null, "level": null, "bin": null }, "geometry": { "type": "Point", "coordinates": [ 77.8729986, 10.9318212 ] } },
{ "type": "Feature", "properties": { "element": "node", "id": 12184039693, "shop": "repair", "addr:district": "KARUR", "addr:full": null, "addr:postcode": "639002", "addr:state": null, "addr:subdistrict": null, "amenity": null, "name": "PREMIER DIESEL SERVICE", "source": null, "addr:block": null, "healthcare": null, "bus": null, "highway": null, "name:en": null, "public_transport": null, "addr:street": "NEW BYE PASS SALEM ROAD", "contact:instagram": null, "email": null, "internet_access": null, "opening_hours": "Mo-Su 09:00-21:00", "phone": "8220780069/9843484844", "name:ta": "பிரீமியர் டீசல் சர்வீஸ்", "network": null, "operator": "RAVIPRASATH", "railway": null, "ref": null, "wikidata": null, "brand": null, "branch": null, "addr:city": "KARUR", "government": null, "office": null, "website": null, "train": null, "addr:housenumber": "128 AAP TOWERS", "contact:mobile": null, "payment:cash": "yes", "payment:credit_cards": null, "payment:debit_cards": null, "check_date": null, "education": null, "grades": null, "alt_name": null, "name:ml": null, "platforms": null, "wikipedia": null, "building": null, "designation": null, "local_ref": null, "atm": null, "brand:wikidata": null, "brand:wikipedia": null, "operator:wikidata": null, "short_name": null, "brand:en": null, "currency:INR": null, "drive_through": null, "indoor": null, "note": null, "operator:en": null, "operator:wikipedia": null, "fixme": null, "cuisine": null, "diet:vegetarian": null, "smoking": null, "cash_in": null, "currency:Rs": null, "bench": null, "lit": null, "shelter": null, "payment:google_pay": "yes", "area": null, "layer": null, "check_date:opening_hours": null, "level": null, "bin": null }, "geometry": { "type": "Point", "coordinates": [ 78.0623528, 10.9680344 ] } },
{ "type": "Feature", "properties": { "element": "node", "id": 12658190451, "shop": null, "addr:district": null, "addr:full": null, "addr:postcode": null, "addr:state": null, "addr:subdistrict": null, "amenity": "school", "name": "Government High School", "source": null, "addr:block": null, "healthcare": null, "bus": null, "highway": null, "name:en": null, "public_transport": null, "addr:street": null, "contact:instagram": null, "email": null, "internet_access": null, "opening_hours": null, "phone": null, "name:ta": null, "network": null, "operator": null, "railway": null, "ref": null, "wikidata": null, "brand": null, "branch": null, "addr:city": null, "government": null, "office": null, "website": null, "train": null, "addr:housenumber": null, "contact:mobile": null, "payment:cash": null, "payment:credit_cards": null, "payment:debit_cards": null, "check_date": null, "education": null, "grades": "1-10", "alt_name": null, "name:ml": null, "platforms": null, "wikipedia": null, "building": null, "designation": null, "local_ref": null, "atm": null, "brand:wikidata": null, "brand:wikipedia": null, "operator:wikidata": null, "short_name": null, "brand:en": null, "currency:INR": null, "drive_through": null, "indoor": null, "note": null, "operator:en": null, "operator:wikipedia": null, "fixme": null, "cuisine": null, "diet:vegetarian": null, "smoking": null, "cash_in": null, "currency:Rs": null, "bench": null, "lit": null, "shelter": null, "payment:google_pay": null, "area": null, "layer": null, "check_date:opening_hours": null, "level": null, "bin": null }, "geometry": { "type": "Point", "coordinates": [ 77.8692502, 10.6594645 ] } },
{ "type": "Feature", "properties": { "element": "node", "id": 13345645908, "shop": null, "addr:district": null, "addr:full": null, "addr:postcode": null, "addr:state": null, "addr:subdistrict": null, "amenity": null, "name": "Karur Junction", "source": null, "addr:block": null, "healthcare": null, "bus": null, "highway": null, "name:en": null, "public_transport": "stop_position", "addr:street": null, "contact:instagram": null, "email": null, "internet_access": null, "opening_hours": null, "phone": null, "name:ta": null, "network": null, "operator": null, "railway": "stop", "ref": null, "wikidata": null, "brand": null, "branch": null, "addr:city": null, "government": null, "office": null, "website": null, "train": "yes", "addr:housenumber": null, "contact:mobile": null, "payment:cash": null, "payment:credit_cards": null, "payment:debit_cards": null, "check_date": null, "education": null, "grades": null, "alt_name": null, "name:ml": null, "platforms": null, "wikipedia": null, "building": null, "designation": null, "local_ref": "4", "atm": null, "brand:wikidata": null, "brand:wikipedia": null, "operator:wikidata": null, "short_name": null, "brand:en": null, "currency:INR": null, "drive_through": null, "indoor": null, "note": null, "operator:en": null, "operator:wikipedia": null, "fixme": null, "cuisine": null, "diet:vegetarian": null, "smoking": null, "cash_in": null, "currency:Rs": null, "bench": null, "lit": null, "shelter": null, "payment:google_pay": null, "area": null, "layer": null, "check_date:opening_hours": null, "level": null, "bin": null }, "geometry": { "type": "Point", "coordinates": [ 78.0862218, 10.9658691 ] } },
{ "type": "Feature", "properties": { "element": "node", "id": 13851193951, "shop": null, "addr:district": null, "addr:full": null, "addr:postcode": null, "addr:state": null, "addr:subdistrict": null, "amenity": "school", "name": "Mount Giris International School", "source": null, "addr:block": null, "healthcare": null, "bus": null, "highway": null, "name:en": null, "public_transport": null, "addr:street": null, "contact:instagram": null, "email": null, "internet_access": null, "opening_hours": null, "phone": null, "name:ta": null, "network": null, "operator": null, "railway": null, "ref": null, "wikidata": null, "brand": null, "branch": null, "addr:city": null, "government": null, "office": null, "website": "https://mountgiris.com/", "train": null, "addr:housenumber": null, "contact:mobile": null, "payment:cash": null, "payment:credit_cards": null, "payment:debit_cards": null, "check_date": "2026-05-20", "education": "school", "grades": null, "alt_name": null, "name:ml": null, "platforms": null, "wikipedia": null, "building": null, "designation": null, "local_ref": null, "atm": null, "brand:wikidata": null, "brand:wikipedia": null, "operator:wikidata": null, "short_name": null, "brand:en": null, "currency:INR": null, "drive_through": null, "indoor": null, "note": null, "operator:en": null, "operator:wikipedia": null, "fixme": null, "cuisine": null, "diet:vegetarian": null, "smoking": null, "cash_in": null, "currency:Rs": null, "bench": null, "lit": null, "shelter": null, "payment:google_pay": null, "area": null, "layer": null, "check_date:opening_hours": null, "level": null, "bin": null }, "geometry": { "type": "Point", "coordinates": [ 78.4253554, 10.9393523 ] } },
{ "type": "Feature", "properties": { "element": "node", "id": 13851193954, "shop": null, "addr:district": null, "addr:full": null, "addr:postcode": null, "addr:state": null, "addr:subdistrict": null, "amenity": "school", "name": "Shree Kalaimagal Matriculation Higher Secondary School", "source": null, "addr:block": null, "healthcare": null, "bus": null, "highway": null, "name:en": null, "public_transport": null, "addr:street": null, "contact:instagram": null, "email": null, "internet_access": null, "opening_hours": null, "phone": null, "name:ta": null, "network": null, "operator": null, "railway": null, "ref": null, "wikidata": null, "brand": null, "branch": null, "addr:city": null, "government": null, "office": null, "website": null, "train": null, "addr:housenumber": null, "contact:mobile": null, "payment:cash": null, "payment:credit_cards": null, "payment:debit_cards": null, "check_date": "2026-05-20", "education": "school", "grades": null, "alt_name": null, "name:ml": null, "platforms": null, "wikipedia": null, "building": null, "designation": null, "local_ref": null, "atm": null, "brand:wikidata": null, "brand:wikipedia": null, "operator:wikidata": null, "short_name": null, "brand:en": null, "currency:INR": null, "drive_through": null, "indoor": null, "note": null, "operator:en": null, "operator:wikipedia": null, "fixme": null, "cuisine": null, "diet:vegetarian": null, "smoking": null, "cash_in": null, "currency:Rs": null, "bench": null, "lit": null, "shelter": null, "payment:google_pay": null, "area": null, "layer": null, "check_date:opening_hours": null, "level": null, "bin": null }, "geometry": { "type": "Point", "coordinates": [ 78.4301884, 10.9363866 ] } },
{ "type": "Feature", "properties": { "element": "node", "id": 13851193955, "shop": null, "addr:district": null, "addr:full": null, "addr:postcode": null, "addr:state": null, "addr:subdistrict": null, "amenity": "school", "name": "Siddharth Public School", "source": null, "addr:block": null, "healthcare": null, "bus": null, "highway": null, "name:en": null, "public_transport": null, "addr:street": null, "contact:instagram": null, "email": null, "internet_access": null, "opening_hours": null, "phone": null, "name:ta": null, "network": null, "operator": null, "railway": null, "ref": null, "wikidata": null, "brand": null, "branch": null, "addr:city": null, "government": null, "office": null, "website": "https://spskulithalai.com/", "train": null, "addr:housenumber": null, "contact:mobile": null, "payment:cash": null, "payment:credit_cards": null, "payment:debit_cards": null, "check_date": "2026-05-20", "education": "school", "grades": null, "alt_name": null, "name:ml": null, "platforms": null, "wikipedia": null, "building": null, "designation": null, "local_ref": null, "atm": null, "brand:wikidata": null, "brand:wikipedia": null, "operator:wikidata": null, "short_name": null, "brand:en": null, "currency:INR": null, "drive_through": null, "indoor": null, "note": null, "operator:en": null, "operator:wikipedia": null, "fixme": null, "cuisine": null, "diet:vegetarian": null, "smoking": null, "cash_in": null, "currency:Rs": null, "bench": null, "lit": null, "shelter": null, "payment:google_pay": null, "area": null, "layer": null, "check_date:opening_hours": null, "level": null, "bin": null }, "geometry": { "type": "Point", "coordinates": [ 78.4402769, 10.9259375 ] } },
{ "type": "Feature", "properties": { "element": "node", "id": 14062118501, "shop": "copyshop", "addr:district": null, "addr:full": null, "addr:postcode": "641603", "addr:state": null, "addr:subdistrict": null, "amenity": null, "name": "Royale digitalss", "source": null, "addr:block": null, "healthcare": null, "bus": null, "highway": null, "name:en": null, "public_transport": null, "addr:street": "1street", "contact:instagram": "copier_s_india", "email": "royaledigitalss@gmail.com", "internet_access": "wlan", "opening_hours": "Mo-Sa 09:00-18:00", "phone": "9500582652", "name:ta": null, "network": null, "operator": null, "railway": null, "ref": null, "wikidata": null, "brand": null, "branch": null, "addr:city": null, "government": null, "office": null, "website": null, "train": null, "addr:housenumber": null, "contact:mobile": null, "payment:cash": null, "payment:credit_cards": null, "payment:debit_cards": null, "check_date": null, "education": null, "grades": null, "alt_name": null, "name:ml": null, "platforms": null, "wikipedia": null, "building": null, "designation": null, "local_ref": null, "atm": null, "brand:wikidata": null, "brand:wikipedia": null, "operator:wikidata": null, "short_name": null, "brand:en": null, "currency:INR": null, "drive_through": null, "indoor": null, "note": null, "operator:en": null, "operator:wikipedia": null, "fixme": null, "cuisine": null, "diet:vegetarian": null, "smoking": null, "cash_in": null, "currency:Rs": null, "bench": null, "lit": null, "shelter": null, "payment:google_pay": null, "area": null, "layer": null, "check_date:opening_hours": null, "level": null, "bin": null }, "geometry": { "type": "Point", "coordinates": [ 78.4444082, 10.7202228 ] } },
{ "type": "Feature", "properties": { "element": "way", "id": 658741932, "shop": null, "addr:district": null, "addr:full": null, "addr:postcode": null, "addr:state": null, "addr:subdistrict": null, "amenity": "college", "name": "M. Kumarasamy College of Engineering", "source": "survey", "addr:block": null, "healthcare": null, "bus": null, "highway": null, "name:en": null, "public_transport": null, "addr:street": "Kanyakumari - varanasi", "contact:instagram": null, "email": null, "internet_access": null, "opening_hours": null, "phone": null, "name:ta": "குமாரசாமி பொறியியல் கல்லூரி", "network": null, "operator": null, "railway": null, "ref": null, "wikidata": null, "brand": null, "branch": null, "addr:city": "Thalavaipalayam, Karur", "government": null, "office": null, "website": "https://www.mkce.ac.in/", "train": null, "addr:housenumber": null, "contact:mobile": null, "payment:cash": null, "payment:credit_cards": null, "payment:debit_cards": null, "check_date": "2025-02-26", "education": null, "grades": null, "alt_name": null, "name:ml": null, "platforms": null, "wikipedia": null, "building": null, "designation": null, "local_ref": null, "atm": null, "brand:wikidata": null, "brand:wikipedia": null, "operator:wikidata": null, "short_name": null, "brand:en": null, "currency:INR": null, "drive_through": null, "indoor": null, "note": null, "operator:en": null, "operator:wikipedia": null, "fixme": null, "cuisine": null, "diet:vegetarian": null, "smoking": null, "cash_in": null, "currency:Rs": null, "bench": null, "lit": null, "shelter": null, "payment:google_pay": null, "area": null, "layer": null, "check_date:opening_hours": null, "level": null, "bin": null }, "geometry": { "type": "Polygon", "coordinates": [ [ [ 78.0490333, 11.0533699 ], [ 78.0491901, 11.0534466 ], [ 78.0493944, 11.0534187 ], [ 78.0494996, 11.0533178 ], [ 78.0502665, 11.053137 ], [ 78.0505025, 11.0547533 ], [ 78.0507439, 11.0554746 ], [ 78.0499476, 11.0557298 ], [ 78.0498231, 11.0554002 ], [ 78.0486585, 11.055751 ], [ 78.0485393, 11.0553736 ], [ 78.0475664, 11.0556724 ], [ 78.0475093, 11.0555012 ], [ 78.0465289, 11.0554905 ], [ 78.0463177, 11.0544805 ], [ 78.047206, 11.0543476 ], [ 78.0472006, 11.0541987 ], [ 78.0476556, 11.0541231 ], [ 78.0477152, 11.0543315 ], [ 78.0481255, 11.0542048 ], [ 78.0479032, 11.0535261 ], [ 78.0490333, 11.0533699 ] ] ] } },
{ "type": "Feature", "properties": { "element": "way", "id": 868656912, "shop": null, "addr:district": null, "addr:full": null, "addr:postcode": null, "addr:state": null, "addr:subdistrict": null, "amenity": "hospital", "name": "vasu medical", "source": null, "addr:block": null, "healthcare": "hospital", "bus": null, "highway": null, "name:en": null, "public_transport": null, "addr:street": null, "contact:instagram": null, "email": null, "internet_access": null, "opening_hours": null, "phone": null, "name:ta": null, "network": null, "operator": null, "railway": null, "ref": null, "wikidata": null, "brand": null, "branch": null, "addr:city": null, "government": null, "office": null, "website": null, "train": null, "addr:housenumber": null, "contact:mobile": null, "payment:cash": null, "payment:credit_cards": null, "payment:debit_cards": null, "check_date": null, "education": null, "grades": null, "alt_name": null, "name:ml": null, "platforms": null, "wikipedia": null, "building": null, "designation": null, "local_ref": null, "atm": null, "brand:wikidata": null, "brand:wikipedia": null, "operator:wikidata": null, "short_name": null, "brand:en": null, "currency:INR": null, "drive_through": null, "indoor": null, "note": null, "operator:en": null, "operator:wikipedia": null, "fixme": null, "cuisine": null, "diet:vegetarian": null, "smoking": null, "cash_in": null, "currency:Rs": null, "bench": null, "lit": null, "shelter": null, "payment:google_pay": null, "area": null, "layer": null, "check_date:opening_hours": null, "level": null, "bin": null }, "geometry": { "type": "Polygon", "coordinates": [ [ [ 78.0529686, 10.9638799 ], [ 78.0529616, 10.963767 ], [ 78.0531084, 10.96376 ], [ 78.0531191, 10.9638816 ], [ 78.0529686, 10.9638799 ] ] ] } },
{ "type": "Feature", "properties": { "element": "way", "id": 868657749, "shop": null, "addr:district": null, "addr:full": null, "addr:postcode": null, "addr:state": null, "addr:subdistrict": null, "amenity": "hospital", "name": "bhawa medical", "source": null, "addr:block": null, "healthcare": "hospital", "bus": null, "highway": null, "name:en": null, "public_transport": null, "addr:street": null, "contact:instagram": null, "email": null, "internet_access": null, "opening_hours": null, "phone": null, "name:ta": null, "network": null, "operator": null, "railway": null, "ref": null, "wikidata": null, "brand": null, "branch": null, "addr:city": null, "government": null, "office": null, "website": null, "train": null, "addr:housenumber": null, "contact:mobile": null, "payment:cash": null, "payment:credit_cards": null, "payment:debit_cards": null, "check_date": null, "education": null, "grades": null, "alt_name": null, "name:ml": null, "platforms": null, "wikipedia": null, "building": null, "designation": null, "local_ref": null, "atm": null, "brand:wikidata": null, "brand:wikipedia": null, "operator:wikidata": null, "short_name": null, "brand:en": null, "currency:INR": null, "drive_through": null, "indoor": null, "note": null, "operator:en": null, "operator:wikipedia": null, "fixme": null, "cuisine": null, "diet:vegetarian": null, "smoking": null, "cash_in": null, "currency:Rs": null, "bench": null, "lit": null, "shelter": null, "payment:google_pay": null, "area": null, "layer": null, "check_date:opening_hours": null, "level": null, "bin": null }, "geometry": { "type": "Polygon", "coordinates": [ [ [ 78.076063, 10.9590034 ], [ 78.0760671, 10.9588357 ], [ 78.0762257, 10.9588737 ], [ 78.0761789, 10.9590054 ], [ 78.076063, 10.9590034 ] ] ] } },
{ "type": "Feature", "properties": { "element": "way", "id": 868686838, "shop": "mall", "addr:district": null, "addr:full": null, "addr:postcode": null, "addr:state": null, "addr:subdistrict": null, "amenity": null, "name": "the chennai silks centre", "source": null, "addr:block": null, "healthcare": null, "bus": null, "highway": null, "name:en": null, "public_transport": null, "addr:street": null, "contact:instagram": null, "email": null, "internet_access": null, "opening_hours": null, "phone": null, "name:ta": null, "network": null, "operator": null, "railway": null, "ref": null, "wikidata": null, "brand": null, "branch": null, "addr:city": null, "government": null, "office": null, "website": null, "train": null, "addr:housenumber": null, "contact:mobile": null, "payment:cash": null, "payment:credit_cards": null, "payment:debit_cards": null, "check_date": null, "education": null, "grades": null, "alt_name": null, "name:ml": null, "platforms": null, "wikipedia": null, "building": "yes", "designation": null, "local_ref": null, "atm": null, "brand:wikidata": null, "brand:wikipedia": null, "operator:wikidata": null, "short_name": null, "brand:en": null, "currency:INR": null, "drive_through": null, "indoor": null, "note": null, "operator:en": null, "operator:wikipedia": null, "fixme": null, "cuisine": null, "diet:vegetarian": null, "smoking": null, "cash_in": null, "currency:Rs": null, "bench": null, "lit": null, "shelter": null, "payment:google_pay": null, "area": null, "layer": null, "check_date:opening_hours": null, "level": null, "bin": null }, "geometry": { "type": "Polygon", "coordinates": [ [ [ 78.0651274, 10.9613331 ], [ 78.06502, 10.9607898 ], [ 78.0651974, 10.9607554 ], [ 78.0653002, 10.9612804 ], [ 78.0651274, 10.9613331 ] ] ] } },
{ "type": "Feature", "properties": { "element": "way", "id": 981001981, "shop": null, "addr:district": null, "addr:full": null, "addr:postcode": "639104", "addr:state": null, "addr:subdistrict": null, "amenity": "bus_station", "name": "Kulithalai Bus Stand", "source": null, "addr:block": null, "healthcare": null, "bus": "yes", "highway": null, "name:en": null, "public_transport": "station", "addr:street": "Coimbatore - Trichy Road", "contact:instagram": null, "email": null, "internet_access": "wlan", "opening_hours": null, "phone": null, "name:ta": null, "network": "Government and Private", "operator": null, "railway": null, "ref": null, "wikidata": null, "brand": null, "branch": null, "addr:city": "Karur", "government": null, "office": null, "website": null, "train": null, "addr:housenumber": null, "contact:mobile": null, "payment:cash": null, "payment:credit_cards": null, "payment:debit_cards": null, "check_date": null, "education": null, "grades": null, "alt_name": null, "name:ml": null, "platforms": null, "wikipedia": null, "building": "shed", "designation": null, "local_ref": null, "atm": null, "brand:wikidata": null, "brand:wikipedia": null, "operator:wikidata": null, "short_name": null, "brand:en": null, "currency:INR": null, "drive_through": null, "indoor": null, "note": null, "operator:en": null, "operator:wikipedia": null, "fixme": null, "cuisine": null, "diet:vegetarian": null, "smoking": null, "cash_in": null, "currency:Rs": null, "bench": null, "lit": null, "shelter": null, "payment:google_pay": null, "area": null, "layer": "1", "check_date:opening_hours": null, "level": null, "bin": null }, "geometry": { "type": "Polygon", "coordinates": [ [ [ 78.4219186, 10.939237 ], [ 78.4216372, 10.939314 ], [ 78.4215407, 10.9391305 ], [ 78.4214944, 10.9389903 ], [ 78.4215166, 10.9389647 ], [ 78.4217357, 10.9389252 ], [ 78.4217799, 10.9389508 ], [ 78.421794, 10.9390002 ], [ 78.4218483, 10.9390259 ], [ 78.4219267, 10.9390278 ], [ 78.4219829, 10.9390515 ], [ 78.4220714, 10.9390535 ], [ 78.4221337, 10.9390535 ], [ 78.4222021, 10.9390673 ], [ 78.4222865, 10.9390614 ], [ 78.4223488, 10.9390298 ], [ 78.4223971, 10.939012 ], [ 78.4224152, 10.9390318 ], [ 78.4224232, 10.9390752 ], [ 78.4224433, 10.9391265 ], [ 78.4224172, 10.9391916 ], [ 78.422387, 10.9391344 ], [ 78.4223327, 10.9391048 ], [ 78.4223086, 10.9391365 ], [ 78.4223074, 10.9391994 ], [ 78.4223067, 10.939237 ], [ 78.4222561, 10.9392946 ], [ 78.4222282, 10.9391502 ], [ 78.4221719, 10.9391186 ], [ 78.4220433, 10.9390989 ], [ 78.4220573, 10.9392015 ], [ 78.4220734, 10.9392647 ], [ 78.4220995, 10.9393042 ], [ 78.4221449, 10.939356 ], [ 78.4220493, 10.9393989 ], [ 78.421987, 10.9393101 ], [ 78.4219186, 10.939237 ] ] ] } },
{ "type": "Feature", "properties": { "element": "way", "id": 1035189866, "shop": null, "addr:district": null, "addr:full": null, "addr:postcode": null, "addr:state": null, "addr:subdistrict": null, "amenity": "bus_station", "name": "Karur Mini Bus Station", "source": null, "addr:block": null, "healthcare": null, "bus": "yes", "highway": null, "name:en": null, "public_transport": "station", "addr:street": null, "contact:instagram": null, "email": null, "internet_access": null, "opening_hours": null, "phone": null, "name:ta": null, "network": null, "operator": null, "railway": null, "ref": null, "wikidata": null, "brand": null, "branch": null, "addr:city": null, "government": null, "office": null, "website": null, "train": null, "addr:housenumber": null, "contact:mobile": null, "payment:cash": null, "payment:credit_cards": null, "payment:debit_cards": null, "check_date": null, "education": null, "grades": null, "alt_name": null, "name:ml": null, "platforms": null, "wikipedia": null, "building": null, "designation": null, "local_ref": null, "atm": null, "brand:wikidata": null, "brand:wikipedia": null, "operator:wikidata": null, "short_name": null, "brand:en": null, "currency:INR": null, "drive_through": null, "indoor": null, "note": null, "operator:en": null, "operator:wikipedia": null, "fixme": null, "cuisine": null, "diet:vegetarian": null, "smoking": null, "cash_in": null, "currency:Rs": null, "bench": null, "lit": null, "shelter": null, "payment:google_pay": null, "area": null, "layer": null, "check_date:opening_hours": null, "level": null, "bin": null }, "geometry": { "type": "Polygon", "coordinates": [ [ [ 78.0757678, 10.9605312 ], [ 78.0757284, 10.9607647 ], [ 78.0747968, 10.9608174 ], [ 78.0747094, 10.9604685 ], [ 78.0757678, 10.9605312 ] ] ] } },
{ "type": "Feature", "properties": { "element": "way", "id": 1035189867, "shop": null, "addr:district": null, "addr:full": null, "addr:postcode": null, "addr:state": null, "addr:subdistrict": null, "amenity": "bus_station", "name": "கரூர் பழைய பேருந்து நிலையம்", "source": null, "addr:block": null, "healthcare": null, "bus": "yes", "highway": null, "name:en": "Karur Old Bus Station", "public_transport": "station", "addr:street": null, "contact:instagram": null, "email": null, "internet_access": null, "opening_hours": "24/7", "phone": null, "name:ta": null, "network": null, "operator": null, "railway": null, "ref": null, "wikidata": null, "brand": null, "branch": null, "addr:city": null, "government": null, "office": null, "website": null, "train": null, "addr:housenumber": null, "contact:mobile": null, "payment:cash": null, "payment:credit_cards": null, "payment:debit_cards": null, "check_date": "2026-04-02", "education": null, "grades": null, "alt_name": null, "name:ml": null, "platforms": null, "wikipedia": null, "building": "roof", "designation": null, "local_ref": null, "atm": null, "brand:wikidata": null, "brand:wikipedia": null, "operator:wikidata": null, "short_name": null, "brand:en": null, "currency:INR": null, "drive_through": null, "indoor": null, "note": null, "operator:en": null, "operator:wikipedia": null, "fixme": null, "cuisine": null, "diet:vegetarian": null, "smoking": null, "cash_in": null, "currency:Rs": null, "bench": null, "lit": null, "shelter": null, "payment:google_pay": null, "area": null, "layer": null, "check_date:opening_hours": "2026-04-02", "level": "0", "bin": null }, "geometry": { "type": "Polygon", "coordinates": [ [ [ 78.0757678, 10.9605312 ], [ 78.0747094, 10.9604685 ], [ 78.0745608, 10.9597431 ], [ 78.0757517, 10.9593937 ], [ 78.0758375, 10.9594832 ], [ 78.0757678, 10.9605312 ] ] ] } },
{ "type": "Feature", "properties": { "element": "way", "id": 1363586621, "shop": null, "addr:district": null, "addr:full": null, "addr:postcode": null, "addr:state": null, "addr:subdistrict": null, "amenity": "school", "name": "Sri Saraswathi Vidhya Mandir Matriculation Higher Secondary School", "source": "survey", "addr:block": null, "healthcare": null, "bus": null, "highway": null, "name:en": null, "public_transport": null, "addr:street": null, "contact:instagram": null, "email": null, "internet_access": null, "opening_hours": null, "phone": null, "name:ta": null, "network": null, "operator": null, "railway": null, "ref": null, "wikidata": null, "brand": null, "branch": null, "addr:city": null, "government": null, "office": null, "website": "https://ssvmschoolkarur.com/", "train": null, "addr:housenumber": null, "contact:mobile": null, "payment:cash": null, "payment:credit_cards": null, "payment:debit_cards": null, "check_date": "2025-02-26", "education": null, "grades": null, "alt_name": null, "name:ml": null, "platforms": null, "wikipedia": null, "building": null, "designation": null, "local_ref": null, "atm": null, "brand:wikidata": null, "brand:wikipedia": null, "operator:wikidata": null, "short_name": null, "brand:en": null, "currency:INR": null, "drive_through": null, "indoor": null, "note": null, "operator:en": null, "operator:wikipedia": null, "fixme": null, "cuisine": null, "diet:vegetarian": null, "smoking": null, "cash_in": null, "currency:Rs": null, "bench": null, "lit": null, "shelter": null, "payment:google_pay": null, "area": null, "layer": null, "check_date:opening_hours": null, "level": null, "bin": null }, "geometry": { "type": "Polygon", "coordinates": [ [ [ 78.0615003, 11.0348215 ], [ 78.0612598, 11.0340212 ], [ 78.0604176, 11.0341784 ], [ 78.060389, 11.0333229 ], [ 78.0602354, 11.0326375 ], [ 78.0605469, 11.0325886 ], [ 78.0606835, 11.0325346 ], [ 78.0614229, 11.0323997 ], [ 78.0619823, 11.0323384 ], [ 78.0622172, 11.0330457 ], [ 78.0624557, 11.0337041 ], [ 78.0623678, 11.0337997 ], [ 78.0623295, 11.0337 ], [ 78.0620993, 11.0337363 ], [ 78.0621497, 11.0340537 ], [ 78.0615003, 11.0348215 ] ] ] } },
{ "type": "Feature", "properties": { "element": "way", "id": 1455233975, "shop": null, "addr:district": null, "addr:full": null, "addr:postcode": null, "addr:state": null, "addr:subdistrict": null, "amenity": null, "name": null, "source": null, "addr:block": null, "healthcare": null, "bus": null, "highway": null, "name:en": null, "public_transport": "platform", "addr:street": null, "contact:instagram": null, "email": null, "internet_access": null, "opening_hours": null, "phone": null, "name:ta": null, "network": null, "operator": null, "railway": "platform", "ref": null, "wikidata": null, "brand": null, "branch": null, "addr:city": null, "government": null, "office": null, "website": null, "train": null, "addr:housenumber": null, "contact:mobile": null, "payment:cash": null, "payment:credit_cards": null, "payment:debit_cards": null, "check_date": null, "education": null, "grades": null, "alt_name": null, "name:ml": null, "platforms": null, "wikipedia": null, "building": null, "designation": null, "local_ref": null, "atm": null, "brand:wikidata": null, "brand:wikipedia": null, "operator:wikidata": null, "short_name": null, "brand:en": null, "currency:INR": null, "drive_through": null, "indoor": null, "note": null, "operator:en": null, "operator:wikipedia": null, "fixme": null, "cuisine": null, "diet:vegetarian": null, "smoking": null, "cash_in": null, "currency:Rs": null, "bench": "no", "lit": "yes", "shelter": "no", "payment:google_pay": null, "area": "yes", "layer": null, "check_date:opening_hours": null, "level": null, "bin": "no" }, "geometry": { "type": "Polygon", "coordinates": [ [ [ 78.0825534, 10.9666405 ], [ 78.0883406, 10.9653169 ], [ 78.0883248, 10.9652501 ], [ 78.083396, 10.9663773 ], [ 78.082543, 10.9666167 ], [ 78.0825534, 10.9666405 ] ] ] } },
{ "type": "Feature", "properties": { "element": "way", "id": 1455233976, "shop": null, "addr:district": null, "addr:full": null, "addr:postcode": null, "addr:state": null, "addr:subdistrict": null, "amenity": null, "name": null, "source": null, "addr:block": null, "healthcare": null, "bus": null, "highway": null, "name:en": null, "public_transport": "platform", "addr:street": null, "contact:instagram": null, "email": null, "internet_access": null, "opening_hours": null, "phone": null, "name:ta": null, "network": null, "operator": null, "railway": "platform", "ref": null, "wikidata": null, "brand": null, "branch": null, "addr:city": null, "government": null, "office": null, "website": null, "train": null, "addr:housenumber": null, "contact:mobile": null, "payment:cash": null, "payment:credit_cards": null, "payment:debit_cards": null, "check_date": null, "education": null, "grades": null, "alt_name": null, "name:ml": null, "platforms": null, "wikipedia": null, "building": null, "designation": null, "local_ref": null, "atm": null, "brand:wikidata": null, "brand:wikipedia": null, "operator:wikidata": null, "short_name": null, "brand:en": null, "currency:INR": null, "drive_through": null, "indoor": null, "note": null, "operator:en": null, "operator:wikipedia": null, "fixme": null, "cuisine": null, "diet:vegetarian": null, "smoking": null, "cash_in": null, "currency:Rs": null, "bench": "no", "lit": "yes", "shelter": "no", "payment:google_pay": null, "area": "yes", "layer": null, "check_date:opening_hours": null, "level": null, "bin": "no" }, "geometry": { "type": "Polygon", "coordinates": [ [ [ 78.0825725, 10.9667378 ], [ 78.0825846, 10.9667892 ], [ 78.0828394, 10.966747 ], [ 78.0881703, 10.9655371 ], [ 78.0881529, 10.9654568 ], [ 78.0825725, 10.9667378 ] ] ] } },
{ "type": "Feature", "properties": { "element": "way", "id": 1518070962, "shop": null, "addr:district": null, "addr:full": null, "addr:postcode": null, "addr:state": null, "addr:subdistrict": null, "amenity": "school", "name": "Cheran Matriculation School", "source": null, "addr:block": null, "healthcare": null, "bus": null, "highway": null, "name:en": null, "public_transport": null, "addr:street": null, "contact:instagram": null, "email": null, "internet_access": null, "opening_hours": null, "phone": null, "name:ta": null, "network": null, "operator": null, "railway": null, "ref": null, "wikidata": null, "brand": null, "branch": null, "addr:city": null, "government": null, "office": null, "website": null, "train": null, "addr:housenumber": null, "contact:mobile": null, "payment:cash": null, "payment:credit_cards": null, "payment:debit_cards": null, "check_date": null, "education": "school", "grades": null, "alt_name": null, "name:ml": null, "platforms": null, "wikipedia": null, "building": null, "designation": null, "local_ref": null, "atm": null, "brand:wikidata": null, "brand:wikipedia": null, "operator:wikidata": null, "short_name": null, "brand:en": null, "currency:INR": null, "drive_through": null, "indoor": null, "note": null, "operator:en": null, "operator:wikipedia": null, "fixme": null, "cuisine": null, "diet:vegetarian": null, "smoking": null, "cash_in": null, "currency:Rs": null, "bench": null, "lit": null, "shelter": null, "payment:google_pay": null, "area": null, "layer": null, "check_date:opening_hours": null, "level": null, "bin": null }, "geometry": { "type": "Polygon", "coordinates": [ [ [ 78.0745596, 10.9978551 ], [ 78.0746351, 10.9960504 ], [ 78.0740205, 10.9960398 ], [ 78.0740223, 10.9978378 ], [ 78.0745596, 10.9978551 ] ] ] } }
]
}
